날짜,시간,타입,대분류,소분류,내용,금액,화폐,결제수단,메모,persona_id,transaction_id,cashflow_bucket,account_ref,api_ref,income_type,rule_id
2026-07-13,16:08,지출,생활,편의점,CU 정림동점,-1800,KRW,토스 간편결제,,P0001,P0001-T0441,소비,P0001-토스페이,efinance/전금-103-토스페이.json#EP0001토00043,,calib:생활/편의점
2026-07-13,14:41,지출,생활,편의점,세븐일레븐,-2600,KRW,토스 간편결제,숙취해소용,P0001,P0001-T0444,소비,P0001-토스페이,efinance/전금-103-토스페이.json#EP0001토00044,,calib:생활/편의점
2026-07-13,13:21,지출,생활,편의점,GS25 탄방동점,-4980,KRW,신한 Deep Dream 체크,,P0001,P0001-T0445,소비,P0001-CARD-01,card/카드-008-신한_Deep_Dream_체크_승인내역.json#AP0001000198;card/카드-014-신한_Deep_Dream_체크_매입정보.json#AP0001000198,,calib:생활/편의점
2026-07-13,11:27,지출,생활,서비스구독,멜론,-4900,KRW,신한 Deep Dream 체크,,P0001,P0001-T0419,소비,P0001-CARD-01,card/카드-008-신한_Deep_Dream_체크_승인내역.json#AP0001000183;card/카드-014-신한_Deep_Dream_체크_매입정보.json#AP0001000183,,fixed:구독
2026-07-13,10:05,이체,저축,예적금/청약,국민은행 KB 청년도약계좌,-30000,KRW,하나핀크 생활통장,,P0001,P0001-T0421,저축,P0001-BANK-MAIN->P0001-BANK-SAVE,bank/은행-004-하나핀크_생활통장_P0001-BANK-MAIN.json#BP000100136;bank/은행-004-국민은행_KB_청년도약계좌_P0001-BANK-SAVE.json#BP000100034,,savings:정기
2026-07-12,12:45,지출,교육/학습,학원/강의,탄방동수학학원,-88100,KRW,신한 Deep Dream 체크,,P0001,P0001-T0427,소비,P0001-CARD-01,card/카드-008-신한_Deep_Dream_체크_승인내역.json#AP0001000187;card/카드-014-신한_Deep_Dream_체크_매입정보.json#AP0001000187,,triangular:학원/강의
2026-07-11,18:31,지출,문화/여가,도서,둔산동책방,-22600,KRW,신한 Deep Dream 체크,,P0001,P0001-T0422,소비,P0001-CARD-01,card/카드-008-신한_Deep_Dream_체크_승인내역.json#AP0001000184;card/카드-014-신한_Deep_Dream_체크_매입정보.json#AP0001000184,,triangular:도서
2026-07-10,22:38,지출,뷰티/미용,화장품,가수원동뷰티샵,-32700,KRW,신한 Deep Dream 체크,,P0001,P0001-T0431,소비,P0001-CARD-01,card/카드-008-신한_Deep_Dream_체크_승인내역.json#AP0001000191;card/카드-014-신한_Deep_Dream_체크_매입정보.json#AP0001000191,,triangular:화장품
2026-07-10,19:48,지출,교육/학습,학원/강의,패스트캠퍼스,-30000,KRW,신한 Deep Dream 체크,,P0001,P0001-T0429,소비,P0001-CARD-01,card/카드-008-신한_Deep_Dream_체크_승인내역.json#AP0001000189;card/카드-014-신한_Deep_Dream_체크_매입정보.json#AP0001000189,,triangular:학원/강의
2026-07-10,18:39,지출,의료/건강,약국,관저동약국,-39300,KRW,네이버페이 간편결제,,P0001,P0001-T0448,소비,P0001-네이버페이,efinance/전금-103-네이버페이.json#EP0001네00041;efinance/전금-004-네이버페이_머니.json#WP000100017,,calib:의료/건강/약국
2026-07-09,14:05,지출,뷰티/미용,화장품,정림동코스메틱스토어,-28700,KRW,신한 Deep Dream 체크,,P0001,P0001-T0424,소비,P0001-CARD-01,card/카드-008-신한_Deep_Dream_체크_승인내역.json#AP0001000185;card/카드-014-신한_Deep_Dream_체크_매입정보.json#AP0001000185,,triangular:화장품
2026-07-09,13:02,지출,의료/건강,약국,도마동행복약국,-22000,KRW,카카오페이 간편결제,상비약 채우기,P0001,P0001-T0447,소비,P0001-카카오페이,efinance/전금-103-카카오페이.json#EP0001카00026,,calib:의료/건강/약국
2026-07-09,11:28,지출,문화/여가,도서,밀리의서재,-43100,KRW,신한 Deep Dream 체크,,P0001,P0001-T0430,소비,P0001-CARD-01,card/카드-008-신한_Deep_Dream_체크_승인내역.json#AP0001000190;card/카드-014-신한_Deep_Dream_체크_매입정보.json#AP0001000190,,triangular:도서
2026-07-06,21:08,지출,온라인쇼핑,인터넷쇼핑,번개장터,-75224,KRW,카카오페이 간편결제,,P0001,P0001-T0440,소비,P0001-카카오페이,efinance/전금-103-카카오페이.json#EP0001카00025,,calib:온라인쇼핑/인터넷쇼핑
2026-07-06,20:10,지출,문화/여가,도서,영풍문고,-43700,KRW,신한 Deep Dream 체크,,P0001,P0001-T0432,소비,P0001-CARD-01,card/카드-008-신한_Deep_Dream_체크_승인내역.json#AP0001000192;card/카드-014-신한_Deep_Dream_체크_매입정보.json#AP0001000192,,triangular:도서
2026-07-06,19:06,이체,저축,예적금/청약,국민은행 KB 청년도약계좌,-30000,KRW,하나핀크 생활통장,,P0001,P0001-T0420,저축,P0001-BANK-MAIN->P0001-BANK-SAVE,bank/은행-004-하나핀크_생활통장_P0001-BANK-MAIN.json#BP000100135;bank/은행-004-국민은행_KB_청년도약계좌_P0001-BANK-SAVE.json#BP000100033,,savings:정기
2026-07-06,15:24,지출,문화/여가,도서,둔산동 헌책방,-35500,KRW,신한 Deep Dream 체크,독서모임 선정도서,P0001,P0001-T0425,소비,P0001-CARD-01,card/카드-008-신한_Deep_Dream_체크_승인내역.json#AP0001000186;card/카드-014-신한_Deep_Dream_체크_매입정보.json#AP0001000186,,triangular:도서
2026-07-06,09:49,지출,문화/여가,도서,정림동북카페,-18600,KRW,하나핀크 생활통장,,P0001,P0001-T0423,소비,P0001-BANK-MAIN,bank/은행-004-하나핀크_생활통장_P0001-BANK-MAIN.json#BP000100137,,triangular:도서
2026-07-06,07:56,지출,교통,택시,둔산동콜택시,-6500,KRW,신한 Deep Dream 체크,,P0001,P0001-T0433,소비,P0001-CARD-01,card/카드-008-신한_Deep_Dream_체크_승인내역.json#AP0001000193;card/카드-014-신한_Deep_Dream_체크_매입정보.json#AP0001000193,,calib:교통/택시
2026-07-05,19:52,지출,교통,택시,정림동콜택시,-5582,KRW,토스 간편결제,,P0001,P0001-T0438,소비,P0001-토스페이,efinance/전금-103-토스페이.json#EP0001토00042,,calib:교통/택시
2026-07-05,15:30,수입,기타수입,용돈,가족 지원금,500000,KRW,하나핀크 생활통장,,P0001,P0001-T0418,소득,P0001-BANK-MAIN,bank/은행-004-하나핀크_생활통장_P0001-BANK-MAIN.json#BP000100134,용돈,income:용돈
2026-07-05,10:30,지출,온라인쇼핑,인터넷쇼핑,정육각,-39700,KRW,하나핀크 생활통장,,P0001,P0001-T0439,소비,P0001-BANK-MAIN,bank/은행-004-하나핀크_생활통장_P0001-BANK-MAIN.json#BP000100138,,calib:온라인쇼핑/인터넷쇼핑
2026-07-04,14:04,지출,생활,편의점,세븐일레븐,-1400,KRW,신한 Deep Dream 체크,,P0001,P0001-T0442,소비,P0001-CARD-01,card/카드-008-신한_Deep_Dream_체크_승인내역.json#AP0001000196;card/카드-014-신한_Deep_Dream_체크_매입정보.json#AP0001000196,,calib:생활/편의점
2026-07-04,13:18,지출,뷰티/미용,화장품,탄방동코스메틱스토어,-15900,KRW,네이버페이 간편결제,기초템 재구매,P0001,P0001-T0426,소비,P0001-네이버페이,efinance/전금-103-네이버페이.json#EP0001네00039;efinance/전금-004-네이버페이_머니.json#WP000100016,,triangular:화장품
2026-07-04,09:53,지출,교통,택시,둔산동콜택시,-6700,KRW,신한 Deep Dream 체크,,P0001,P0001-T0434,소비,P0001-CARD-01,card/카드-008-신한_Deep_Dream_체크_승인내역.json#AP0001000194;card/카드-014-신한_Deep_Dream_체크_매입정보.json#AP0001000194,,calib:교통/택시
2026-07-03,18:15,지출,교육/학습,학원/강의,탈잉,-75900,KRW,신한 Deep Dream 체크,,P0001,P0001-T0428,소비,P0001-CARD-01,card/카드-008-신한_Deep_Dream_체크_승인내역.json#AP0001000188;card/카드-014-신한_Deep_Dream_체크_매입정보.json#AP0001000188,,triangular:학원/강의
2026-07-03,11:39,지출,의료/건강,약국,메디팜약국,-33080,KRW,하나핀크 생활통장,,P0001,P0001-T0449,소비,P0001-BANK-MAIN,bank/은행-004-하나핀크_생활통장_P0001-BANK-MAIN.json#BP000100139,,calib:의료/건강/약국
2026-07-02,20:36,지출,의료/건강,약국,탄방동행복약국,-14600,KRW,신한 Deep Dream 체크,,P0001,P0001-T0446,소비,P0001-CARD-01,card/카드-008-신한_Deep_Dream_체크_승인내역.json#AP0001000199;card/카드-014-신한_Deep_Dream_체크_매입정보.json#AP0001000199,,calib:의료/건강/약국
2026-07-02,18:16,지출,교통,택시,서구모범콜택시,-5000,KRW,네이버페이 간편결제,,P0001,P0001-T0436,소비,P0001-네이버페이,efinance/전금-103-네이버페이.json#EP0001네00040,,calib:교통/택시
2026-07-01,22:14,지출,생활,편의점,CU 관저동점,-4700,KRW,신한 Deep Dream 체크,,P0001,P0001-T0443,소비,P0001-CARD-01,card/카드-008-신한_Deep_Dream_체크_승인내역.json#AP0001000197;card/카드-014-신한_Deep_Dream_체크_매입정보.json#AP0001000197,,calib:생활/편의점
2026-07-01,19:56,지출,교통,택시,갈마동콜택시,-4400,KRW,신한 Deep Dream 체크,,P0001,P0001-T0435,소비,P0001-CARD-01,card/카드-008-신한_Deep_Dream_체크_승인내역.json#AP0001000195;card/카드-014-신한_Deep_Dream_체크_매입정보.json#AP0001000195,,calib:교통/택시
2026-07-01,09:36,지출,교통,택시,관저동개인택시,-3200,KRW,토스 간편결제,,P0001,P0001-T0437,소비,P0001-토스페이,efinance/전금-103-토스페이.json#EP0001토00041,,calib:교통/택시
2026-06-30,22:11,지출,생활,편의점,CU 월평동점,-15400,KRW,신한 Deep Dream 체크,,P0001,P0001-T0415,소비,P0001-CARD-01,card/카드-008-신한_Deep_Dream_체크_승인내역.json#AP0001000180;card/카드-014-신한_Deep_Dream_체크_매입정보.json#AP0001000180,,calib:생활/편의점
2026-06-30,20:25,지출,식비,한식,오봉집,-2600,KRW,카카오페이 간편결제,,P0001,P0001-T0350,소비,P0001-카카오페이,efinance/전금-103-카카오페이.json#EP0001카00020,,calib:요식/한식
2026-06-30,18:31,지출,교통,택시,정림동개인택시,-3100,KRW,네이버페이 간편결제,,P0001,P0001-T0390,소비,P0001-네이버페이,efinance/전금-103-네이버페이.json#EP0001네00038;efinance/전금-004-네이버페이_머니.json#WP000100015,,calib:교통/택시
2026-06-29,20:44,지출,식비,한식,갈마동비빔밥,-2600,KRW,신한 Deep Dream 체크,,P0001,P0001-T0348,소비,P0001-CARD-01,card/카드-008-신한_Deep_Dream_체크_승인내역.json#AP0001000147;card/카드-014-신한_Deep_Dream_체크_매입정보.json#AP0001000147,,calib:요식/한식
2026-06-29,15:30,이체,저축,예적금/청약,국민은행 KB 청년도약계좌,-12000,KRW,하나핀크 생활통장,,P0001,P0001-T0335,저축,P0001-BANK-MAIN->P0001-BANK-SAVE,bank/은행-004-하나핀크_생활통장_P0001-BANK-MAIN.json#BP000100119;bank/은행-004-국민은행_KB_청년도약계좌_P0001-BANK-SAVE.json#BP000100031,,savings:정기
2026-06-29,11:50,지출,식비,배달,탄방동족발보쌈배달,-4600,KRW,신한 Deep Dream 체크,,P0001,P0001-T0371,소비,P0001-CARD-01,card/카드-008-신한_Deep_Dream_체크_승인내역.json#AP0001000156;card/카드-014-신한_Deep_Dream_체크_매입정보.json#AP0001000156,,calib:요식/배달
2026-06-28,23:40,지출,교육/학습,학원/강의,이투스,-70300,KRW,토스 간편결제,,P0001,P0001-T0383,소비,P0001-토스페이,efinance/전금-103-토스페이.json#EP0001토00036,,triangular:학원/강의
2026-06-28,15:01,이체,저축,예적금/청약,비상금 이체,-30000,KRW,하나핀크 생활통장,자동이체 저축,P0001,P0001-T0336,저축,P0001-BANK-MAIN->P0001-BANK-SAVE,bank/은행-004-하나핀크_생활통장_P0001-BANK-MAIN.json#BP000100120;bank/은행-004-국민은행_KB_청년도약계좌_P0001-BANK-SAVE.json#BP000100032,,savings:비상금
2026-06-28,13:31,지출,식비,배달,땡겨요,-2131,KRW,신한 Deep Dream 체크,최소주문 맞추려고 추가주문,P0001,P0001-T0373,소비,P0001-CARD-01,card/카드-008-신한_Deep_Dream_체크_승인내역.json#AP0001000158;card/카드-014-신한_Deep_Dream_체크_매입정보.json#AP0001000158,,calib:요식/배달
2026-06-27,18:51,지출,문화/여가,도서,둔산동책방,-14600,KRW,신한 Deep Dream 체크,,P0001,P0001-T0380,소비,P0001-CARD-01,card/카드-008-신한_Deep_Dream_체크_승인내역.json#AP0001000161;card/카드-014-신한_Deep_Dream_체크_매입정보.json#AP0001000161,,triangular:도서
2026-06-27,08:09,지출,식비,한식,둔산동제육볶음,-5300,KRW,하나핀크 생활통장,,P0001,P0001-T0349,소비,P0001-BANK-MAIN,bank/은행-004-하나핀크_생활통장_P0001-BANK-MAIN.json#BP000100121,,calib:요식/한식
2026-06-26,22:05,지출,생활,편의점,GS25,-22600,KRW,신한 Deep Dream 체크,,P0001,P0001-T0412,소비,P0001-CARD-01,card/카드-008-신한_Deep_Dream_체크_승인내역.json#AP0001000178;card/카드-014-신한_Deep_Dream_체크_매입정보.json#AP0001000178,,calib:생활/편의점
2026-06-25,23:24,지출,온라인쇼핑,인터넷쇼핑,오늘의집 파트너스,-19800,KRW,신한 Deep Dream 체크,친구 생일선물,P0001,P0001-T0403,소비,P0001-CARD-01,card/카드-008-신한_Deep_Dream_체크_승인내역.json#AP0001000175;card/카드-014-신한_Deep_Dream_체크_매입정보.json#AP0001000175,,calib:온라인쇼핑/인터넷쇼핑
2026-06-25,19:08,지출,식비,배달,도마동떡볶이배달,-2300,KRW,네이버페이 간편결제,,P0001,P0001-T0368,소비,P0001-네이버페이,efinance/전금-103-네이버페이.json#EP0001네00035,,calib:요식/배달
2026-06-25,11:19,지출,카페/간식,커피/음료,블루보틀,-3500,KRW,신한 Deep Dream 체크,,P0001,P0001-T0365,소비,P0001-CARD-01,card/카드-008-신한_Deep_Dream_체크_승인내역.json#AP0001000152;card/카드-014-신한_Deep_Dream_체크_매입정보.json#AP0001000152,,calib:요식/카페
2026-06-25,09:46,지출,식비,배달,월평동샌드위치배달,-2000,KRW,신한 Deep Dream 체크,,P0001,P0001-T0367,소비,P0001-CARD-01,card/카드-008-신한_Deep_Dream_체크_승인내역.json#AP0001000153;card/카드-014-신한_Deep_Dream_체크_매입정보.json#AP0001000153,,calib:요식/배달
2026-06-25,09:32,지출,주거,월세/관리비,탄방동 아파트 관리비,-230000,KRW,하나핀크 생활통장,,P0001,P0001-T0328,소비,P0001-BANK-MAIN,bank/은행-004-하나핀크_생활통장_P0001-BANK-MAIN.json#BP000100113,,fixed:월세관리비
2026-06-25,08:13,지출,생활,통신,월평동알뜰폰샵,-20000,KRW,하나핀크 생활통장,,P0001,P0001-T0329,소비,P0001-BANK-MAIN,bank/은행-004-하나핀크_생활통장_P0001-BANK-MAIN.json#BP000100114,,fixed:통신
2026-06-24,21:02,지출,온라인쇼핑,인터넷쇼핑,화해쇼핑,-36100,KRW,신한 Deep Dream 체크,,P0001,P0001-T0401,소비,P0001-CARD-01,card/카드-008-신한_Deep_Dream_체크_승인내역.json#AP0001000174;card/카드-014-신한_Deep_Dream_체크_매입정보.json#AP0001000174,,calib:온라인쇼핑/인터넷쇼핑
2026-06-24,10:53,지출,온라인쇼핑,인터넷쇼핑,알리익스프레스,-49100,KRW,하나핀크 생활통장,,P0001,P0001-T0404,소비,P0001-BANK-MAIN,bank/은행-004-하나핀크_생활통장_P0001-BANK-MAIN.json#BP000100130,,calib:온라인쇼핑/인터넷쇼핑
2026-06-24,08:14,지출,식비,한식,월평동추어탕,-5400,KRW,네이버페이 간편결제,,P0001,P0001-T0346,소비,P0001-네이버페이,efinance/전금-103-네이버페이.json#EP0001네00031,,calib:요식/한식
2026-06-23,23:23,지출,교통,택시,타다,-1900,KRW,토스 간편결제,,P0001,P0001-T0392,소비,P0001-토스페이,efinance/전금-103-토스페이.json#EP0001토00037,,calib:교통/택시
2026-06-23,19:11,지출,카페/간식,커피/음료,갈마동로스터리,-1100,KRW,토스 간편결제,,P0001,P0001-T0359,소비,P0001-토스페이,efinance/전금-103-토스페이.json#EP0001토00034,,calib:요식/카페
2026-06-23,17:21,지출,생활,편의점,CU 가수원동점,-25600,KRW,토스 간편결제,,P0001,P0001-T0409,소비,P0001-토스페이,efinance/전금-103-토스페이.json#EP0001토00039,,calib:생활/편의점
2026-06-23,11:57,지출,생활,편의점,GS25 관저동점,-6100,KRW,신한 Deep Dream 체크,택배 픽업,P0001,P0001-T0416,소비,P0001-CARD-01,card/카드-008-신한_Deep_Dream_체크_승인내역.json#AP0001000181;card/카드-014-신한_Deep_Dream_체크_매입정보.json#AP0001000181,,calib:생활/편의점
2026-06-23,08:31,지출,카페/간식,커피/음료,요거프레소,-4300,KRW,하나핀크 생활통장,,P0001,P0001-T0364,소비,P0001-BANK-MAIN,bank/은행-004-하나핀크_생활통장_P0001-BANK-MAIN.json#BP000100123,,calib:요식/카페
2026-06-23,07:29,지출,교통,택시,도마동콜택시,-3100,KRW,하나핀크 생활통장,,P0001,P0001-T0396,소비,P0001-BANK-MAIN,bank/은행-004-하나핀크_생활통장_P0001-BANK-MAIN.json#BP000100128,,calib:교통/택시
2026-06-22,18:40,이체,저축,예적금/청약,국민은행 KB 청년도약계좌,-12000,KRW,하나핀크 생활통장,연말정산용 청약저축,P0001,P0001-T0334,저축,P0001-BANK-MAIN->P0001-BANK-SAVE,bank/은행-004-하나핀크_생활통장_P0001-BANK-MAIN.json#BP000100118;bank/은행-004-국민은행_KB_청년도약계좌_P0001-BANK-SAVE.json#BP000100030,,savings:정기
2026-06-21,20:04,지출,식비,한식,본죽,-1800,KRW,신한 Deep Dream 체크,친구랑 오랜만에,P0001,P0001-T0339,소비,P0001-CARD-01,card/카드-008-신한_Deep_Dream_체크_승인내역.json#AP0001000144;card/카드-014-신한_Deep_Dream_체크_매입정보.json#AP0001000144,,calib:요식/한식
2026-06-21,14:51,지출,교육/학습,학원/강의,챗GPT 플러스,-45900,KRW,신한 Deep Dream 체크,,P0001,P0001-T0385,소비,P0001-CARD-01,card/카드-008-신한_Deep_Dream_체크_승인내역.json#AP0001000164;card/카드-014-신한_Deep_Dream_체크_매입정보.json#AP0001000164,,triangular:학원/강의
2026-06-21,09:13,지출,교통,택시,가수원동콜택시,-1900,KRW,신한 Deep Dream 체크,,P0001,P0001-T0388,소비,P0001-CARD-01,card/카드-008-신한_Deep_Dream_체크_승인내역.json#AP0001000167;card/카드-014-신한_Deep_Dream_체크_매입정보.json#AP0001000167,,calib:교통/택시
2026-06-20,08:25,지출,교통,택시,관저동콜택시,-1900,KRW,하나핀크 생활통장,술자리 끝나고,P0001,P0001-T0395,소비,P0001-BANK-MAIN,bank/은행-004-하나핀크_생활통장_P0001-BANK-MAIN.json#BP000100127,,calib:교통/택시
2026-06-19,21:22,지출,온라인쇼핑,인터넷쇼핑,오늘의집,-35700,KRW,하나핀크 생활통장,장바구니 정리하다가,P0001,P0001-T0407,소비,P0001-BANK-MAIN,bank/은행-004-하나핀크_생활통장_P0001-BANK-MAIN.json#BP000100132,,calib:온라인쇼핑/인터넷쇼핑
2026-06-19,20:12,지출,식비,한식,둔산동국밥,-1300,KRW,네이버페이 간편결제,,P0001,P0001-T0344,소비,P0001-네이버페이,efinance/전금-103-네이버페이.json#EP0001네00030,,calib:요식/한식
2026-06-19,19:25,지출,카페/간식,커피/음료,월평동카페,-1300,KRW,카카오페이 간편결제,,P0001,P0001-T0363,소비,P0001-카카오페이,efinance/전금-103-카카오페이.json#EP0001카00022,,calib:요식/카페
2026-06-19,19:17,지출,카페/간식,커피/음료,컴포즈커피,-2600,KRW,신한 Deep Dream 체크,,P0001,P0001-T0361,소비,P0001-CARD-01,card/카드-008-신한_Deep_Dream_체크_승인내역.json#AP0001000151;card/카드-014-신한_Deep_Dream_체크_매입정보.json#AP0001000151,,calib:요식/카페
2026-06-19,17:50,지출,패션/쇼핑,패션,갈마동편집숍,-40900,KRW,카카오페이 간편결제,,P0001,P0001-T0381,소비,P0001-카카오페이,efinance/전금-103-카카오페이.json#EP0001카00024,,triangular:패션
2026-06-19,13:52,지출,교육/학습,학원/강의,해커스,-33700,KRW,하나핀크 생활통장,,P0001,P0001-T0379,소비,P0001-BANK-MAIN,bank/은행-004-하나핀크_생활통장_P0001-BANK-MAIN.json#BP000100124,,triangular:학원/강의
2026-06-18,22:02,지출,교통,택시,우티,-1500,KRW,신한 Deep Dream 체크,,P0001,P0001-T0386,소비,P0001-CARD-01,card/카드-008-신한_Deep_Dream_체크_승인내역.json#AP0001000165;card/카드-014-신한_Deep_Dream_체크_매입정보.json#AP0001000165,,calib:교통/택시
2026-06-18,18:21,수입,근로소득,알바비,㈜하늘전자 용역비 지급,720000,KRW,하나핀크 생활통장,,P0001,P0001-T0323,소득,P0001-BANK-MAIN,bank/은행-004-하나핀크_생활통장_P0001-BANK-MAIN.json#BP000100108,알바비,income:알바비
2026-06-18,09:04,지출,식비,한식,갈마동보쌈,-1400,KRW,신한 Deep Dream 체크,회식 2차,P0001,P0001-T0347,소비,P0001-CARD-01,card/카드-008-신한_Deep_Dream_체크_승인내역.json#AP0001000146;card/카드-014-신한_Deep_Dream_체크_매입정보.json#AP0001000146,,calib:요식/한식
2026-06-17,20:40,지출,문화/여가,도서,정림동북카페,-19400,KRW,신한 Deep Dream 체크,,P0001,P0001-T0384,소비,P0001-CARD-01,card/카드-008-신한_Deep_Dream_체크_승인내역.json#AP0001000163;card/카드-014-신한_Deep_Dream_체크_매입정보.json#AP0001000163,,triangular:도서
2026-06-17,19:22,지출,카페/간식,커피/음료,월평동로스터리,-2100,KRW,토스 간편결제,,P0001,P0001-T0353,소비,P0001-토스페이,efinance/전금-103-토스페이.json#EP0001토00032,,calib:요식/카페
2026-06-17,09:09,지출,식비,배달,정림동야식배달,-1000,KRW,신한 Deep Dream 체크,,P0001,P0001-T0370,소비,P0001-CARD-01,card/카드-008-신한_Deep_Dream_체크_승인내역.json#AP0001000155;card/카드-014-신한_Deep_Dream_체크_매입정보.json#AP0001000155,,calib:요식/배달
2026-06-16,21:07,지출,식비,한식,도마동냉면,-2800,KRW,토스 간편결제,혼밥,P0001,P0001-T0337,소비,P0001-토스페이,efinance/전금-103-토스페이.json#EP0001토00030,,calib:요식/한식
2026-06-16,12:58,지출,온라인쇼핑,인터넷쇼핑,알리익스프레스,-37800,KRW,토스 간편결제,연말 선물 미리 준비,P0001,P0001-T0406,소비,P0001-토스페이,efinance/전금-103-토스페이.json#EP0001토00038,,calib:온라인쇼핑/인터넷쇼핑
2026-06-15,23:22,지출,온라인쇼핑,인터넷쇼핑,발란,-21100,KRW,하나핀크 생활통장,,P0001,P0001-T0405,소비,P0001-BANK-MAIN,bank/은행-004-하나핀크_생활통장_P0001-BANK-MAIN.json#BP000100131,,calib:온라인쇼핑/인터넷쇼핑
2026-06-15,19:12,지출,생활,편의점,CU 관저동점,-26200,KRW,신한 Deep Dream 체크,,P0001,P0001-T0411,소비,P0001-CARD-01,card/카드-008-신한_Deep_Dream_체크_승인내역.json#AP0001000177;card/카드-014-신한_Deep_Dream_체크_매입정보.json#AP0001000177,,calib:생활/편의점
2026-06-15,19:07,지출,식비,한식,김밥천국,-5400,KRW,카카오페이 간편결제,장모임 다녀와서,P0001,P0001-T0338,소비,P0001-카카오페이,efinance/전금-103-카카오페이.json#EP0001카00018;efinance/전금-004-카카오페이_머니.json#WP000100004,,calib:요식/한식
2026-06-15,17:20,지출,생활,편의점,GS25 월평동점,-19653,KRW,신한 Deep Dream 체크,,P0001,P0001-T0417,소비,P0001-CARD-01,card/카드-008-신한_Deep_Dream_체크_승인내역.json#AP0001000182;card/카드-014-신한_Deep_Dream_체크_매입정보.json#AP0001000182,,calib:생활/편의점
2026-06-15,13:53,지출,카페/간식,커피/음료,정림동카페,-900,KRW,신한 Deep Dream 체크,,P0001,P0001-T0356,소비,P0001-CARD-01,card/카드-008-신한_Deep_Dream_체크_승인내역.json#AP0001000149;card/카드-014-신한_Deep_Dream_체크_매입정보.json#AP0001000149,,calib:요식/카페
2026-06-15,12:42,지출,식비,배달,갈마동탕수육배달,-1700,KRW,신한 Deep Dream 체크,,P0001,P0001-T0369,소비,P0001-CARD-01,card/카드-008-신한_Deep_Dream_체크_승인내역.json#AP0001000154;card/카드-014-신한_Deep_Dream_체크_매입정보.json#AP0001000154,,calib:요식/배달
2026-06-15,12:05,이체,저축,예적금/청약,국민은행 KB 청년도약계좌,-12000,KRW,하나핀크 생활통장,,P0001,P0001-T0333,저축,P0001-BANK-MAIN->P0001-BANK-SAVE,bank/은행-004-하나핀크_생활통장_P0001-BANK-MAIN.json#BP000100117;bank/은행-004-국민은행_KB_청년도약계좌_P0001-BANK-SAVE.json#BP000100029,,savings:정기
2026-06-15,09:21,지출,카페/간식,커피/음료,정림동로스터리,-3100,KRW,카카오페이 간편결제,,P0001,P0001-T0357,소비,P0001-카카오페이,efinance/전금-103-카카오페이.json#EP0001카00021,,calib:요식/카페
2026-06-15,07:18,지출,교통,택시,관저동개인택시,-3000,KRW,신한 Deep Dream 체크,,P0001,P0001-T0397,소비,P0001-CARD-01,card/카드-008-신한_Deep_Dream_체크_승인내역.json#AP0001000170;card/카드-014-신한_Deep_Dream_체크_매입정보.json#AP0001000170,,calib:교통/택시
2026-06-14,22:51,지출,교통,택시,우티,-900,KRW,신한 Deep Dream 체크,술자리 끝나고,P0001,P0001-T0398,소비,P0001-CARD-01,card/카드-008-신한_Deep_Dream_체크_승인내역.json#AP0001000171;card/카드-014-신한_Deep_Dream_체크_매입정보.json#AP0001000171,,calib:교통/택시
2026-06-13,20:39,지출,카페/간식,디저트/떡,둔산동와플,-7415,KRW,신한 Deep Dream 체크,,P0001,P0001-T0374,소비,P0001-CARD-01,card/카드-008-신한_Deep_Dream_체크_승인내역.json#AP0001000159;card/카드-014-신한_Deep_Dream_체크_매입정보.json#AP0001000159,,calib:요식/디저트
2026-06-13,13:54,지출,카페/간식,커피/음료,블루보틀,-2300,KRW,하나핀크 생활통장,혼자 멍때리러,P0001,P0001-T0354,소비,P0001-BANK-MAIN,bank/은행-004-하나핀크_생활통장_P0001-BANK-MAIN.json#BP000100122,,calib:요식/카페
2026-06-13,10:56,지출,생활,서비스구독,멜론,-4900,KRW,신한 Deep Dream 체크,,P0001,P0001-T0330,소비,P0001-CARD-01,card/카드-008-신한_Deep_Dream_체크_승인내역.json#AP0001000143;card/카드-014-신한_Deep_Dream_체크_매입정보.json#AP0001000143,,fixed:구독
2026-06-13,09:22,지출,식비,한식,가수원동감자탕,-5511,KRW,네이버페이 간편결제,,P0001,P0001-T0352,소비,P0001-네이버페이,efinance/전금-103-네이버페이.json#EP0001네00032,,calib:요식/한식
2026-06-12,18:39,지출,교통,택시,가수원동개인택시,-900,KRW,하나핀크 생활통장,비 와서 택시,P0001,P0001-T0391,소비,P0001-BANK-MAIN,bank/은행-004-하나핀크_생활통장_P0001-BANK-MAIN.json#BP000100126,,calib:교통/택시
2026-06-12,15:56,지출,뷰티/미용,화장품,관저동뷰티샵,-32800,KRW,네이버페이 간편결제,,P0001,P0001-T0377,소비,P0001-네이버페이,efinance/전금-103-네이버페이.json#EP0001네00036,,triangular:화장품
2026-06-11,19:05,지출,카페/간식,커피/음료,탄방동카페,-2382,KRW,네이버페이 간편결제,,P0001,P0001-T0366,소비,P0001-네이버페이,efinance/전금-103-네이버페이.json#EP0001네00034,,calib:요식/카페
2026-06-11,10:03,지출,교육/학습,학원/강의,메가스터디,-85600,KRW,카카오페이 간편결제,어학원 등록,P0001,P0001-T0375,소비,P0001-카카오페이,efinance/전금-103-카카오페이.json#EP0001카00023;efinance/전금-004-카카오페이_머니.json#WP000100006,,triangular:학원/강의
2026-06-10,18:34,지출,식비,한식,가수원동감자탕,-3400,KRW,네이버페이 간편결제,부모님 모시고 외식,P0001,P0001-T0341,소비,P0001-네이버페이,efinance/전금-103-네이버페이.json#EP0001네00028;efinance/전금-004-네이버페이_머니.json#WP000100012,,calib:요식/한식
2026-06-10,18:07,지출,카페/간식,커피/음료,커피빈,-1300,KRW,토스 간편결제,,P0001,P0001-T0355,소비,P0001-토스페이,efinance/전금-103-토스페이.json#EP0001토00033,,calib:요식/카페
2026-06-10,13:12,지출,카페/간식,커피/음료,정림동로스터리,-2800,KRW,토스 간편결제,,P0001,P0001-T0362,소비,P0001-토스페이,efinance/전금-103-토스페이.json#EP0001토00035,,calib:요식/카페
2026-06-10,08:08,지출,식비,한식,관저동김치찌개,-5300,KRW,신한 Deep Dream 체크,,P0001,P0001-T0351,소비,P0001-CARD-01,card/카드-008-신한_Deep_Dream_체크_승인내역.json#AP0001000148;card/카드-014-신한_Deep_Dream_체크_매입정보.json#AP0001000148,,calib:요식/한식
2026-06-09,18:53,지출,식비,한식,둔산동국밥,-1700,KRW,신한 Deep Dream 체크,친구랑 오랜만에,P0001,P0001-T0340,소비,P0001-CARD-01,card/카드-008-신한_Deep_Dream_체크_승인내역.json#AP0001000145;card/카드-014-신한_Deep_Dream_체크_매입정보.json#AP0001000145,,calib:요식/한식
2026-06-09,16:22,수입,금융수입,캐시백,어피치 스윗 체크카드 포인트리워드,443,KRW,하나핀크 생활통장,,P0001,P0001-T0327,소득,P0001-BANK-MAIN,bank/은행-004-하나핀크_생활통장_P0001-BANK-MAIN.json#BP000100112,캐시백,income:캐시백
2026-06-09,08:00,지출,교통,택시,정림동개인택시,-900,KRW,신한 Deep Dream 체크,,P0001,P0001-T0393,소비,P0001-CARD-01,card/카드-008-신한_Deep_Dream_체크_승인내역.json#AP0001000168;card/카드-014-신한_Deep_Dream_체크_매입정보.json#AP0001000168,,calib:교통/택시
2026-06-08,21:03,지출,식비,배달,갈마동초밥배달,-1100,KRW,신한 Deep Dream 체크,,P0001,P0001-T0372,소비,P0001-CARD-01,card/카드-008-신한_Deep_Dream_체크_승인내역.json#AP0001000157;card/카드-014-신한_Deep_Dream_체크_매입정보.json#AP0001000157,,calib:요식/배달
2026-06-08,11:42,이체,저축,예적금/청약,국민은행 KB 청년도약계좌,-12000,KRW,하나핀크 생활통장,,P0001,P0001-T0332,저축,P0001-BANK-MAIN->P0001-BANK-SAVE,bank/은행-004-하나핀크_생활통장_P0001-BANK-MAIN.json#BP000100116;bank/은행-004-국민은행_KB_청년도약계좌_P0001-BANK-SAVE.json#BP000100028,,savings:정기
2026-06-08,10:42,지출,온라인쇼핑,인터넷쇼핑,다나와,-25373,KRW,신한 Deep Dream 체크,,P0001,P0001-T0408,소비,P0001-CARD-01,card/카드-008-신한_Deep_Dream_체크_승인내역.json#AP0001000176;card/카드-014-신한_Deep_Dream_체크_매입정보.json#AP0001000176,,calib:온라인쇼핑/인터넷쇼핑
2026-06-08,09:45,수입,금융수입,캐시백,주유 할인 캐시백,687,KRW,하나핀크 생활통장,,P0001,P0001-T0326,소득,P0001-BANK-MAIN,bank/은행-004-하나핀크_생활통장_P0001-BANK-MAIN.json#BP000100111,캐시백,income:캐시백
2026-06-08,08:38,지출,식비,한식,월평동한정식,-3500,KRW,네이버페이 간편결제,,P0001,P0001-T0343,소비,P0001-네이버페이,efinance/전금-103-네이버페이.json#EP0001네00029;efinance/전금-004-네이버페이_머니.json#WP000100013,,calib:요식/한식
2026-06-07,22:44,지출,생활,편의점,GS25 탄방동점,-11200,KRW,하나핀크 생활통장,현금 인출 대신 결제,P0001,P0001-T0413,소비,P0001-BANK-MAIN,bank/은행-004-하나핀크_생활통장_P0001-BANK-MAIN.json#BP000100133,,calib:생활/편의점
2026-06-07,22:03,지출,문화/여가,도서,반디앤루니스,-42600,KRW,네이버페이 간편결제,,P0001,P0001-T0378,소비,P0001-네이버페이,efinance/전금-103-네이버페이.json#EP0001네00037,,triangular:도서
2026-06-06,18:37,지출,교통,택시,티맵 택시,-1100,KRW,신한 Deep Dream 체크,,P0001,P0001-T0387,소비,P0001-CARD-01,card/카드-008-신한_Deep_Dream_체크_승인내역.json#AP0001000166;card/카드-014-신한_Deep_Dream_체크_매입정보.json#AP0001000166,,calib:교통/택시
2026-06-06,11:39,지출,교육/학습,학원/강의,에듀윌,-73600,KRW,신한 Deep Dream 체크,,P0001,P0001-T0382,소비,P0001-CARD-01,card/카드-008-신한_Deep_Dream_체크_승인내역.json#AP0001000162;card/카드-014-신한_Deep_Dream_체크_매입정보.json#AP0001000162,,triangular:학원/강의
2026-06-06,10:19,수입,금융수입,캐시백,OTT 제휴 캐시백,458,KRW,하나핀크 생활통장,,P0001,P0001-T0325,소득,P0001-BANK-MAIN,bank/은행-004-하나핀크_생활통장_P0001-BANK-MAIN.json#BP000100110,캐시백,income:캐시백
2026-06-05,18:09,지출,생활,편의점,GS25 탄방동점,-24700,KRW,토스 간편결제,,P0001,P0001-T0410,소비,P0001-토스페이,efinance/전금-103-토스페이.json#EP0001토00040,,calib:생활/편의점
2026-06-05,17:42,수입,기타수입,용돈,보호자 용돈이체,500000,KRW,하나핀크 생활통장,,P0001,P0001-T0322,소득,P0001-BANK-MAIN,bank/은행-004-하나핀크_생활통장_P0001-BANK-MAIN.json#BP000100107,용돈,income:용돈
2026-06-05,11:42,지출,카페/간식,커피/음료,도마동카페,-1200,KRW,네이버페이 간편결제,,P0001,P0001-T0360,소비,P0001-네이버페이,efinance/전금-103-네이버페이.json#EP0001네00033;efinance/전금-004-네이버페이_머니.json#WP000100014,,calib:요식/카페
2026-06-04,20:39,지출,온라인쇼핑,인터넷쇼핑,알리익스프레스,-13800,KRW,신한 Deep Dream 체크,,P0001,P0001-T0400,소비,P0001-CARD-01,card/카드-008-신한_Deep_Dream_체크_승인내역.json#AP0001000173;card/카드-014-신한_Deep_Dream_체크_매입정보.json#AP0001000173,,calib:온라인쇼핑/인터넷쇼핑
2026-06-04,08:09,지출,교통,택시,가수원동개인택시,-1100,KRW,신한 Deep Dream 체크,,P0001,P0001-T0394,소비,P0001-CARD-01,card/카드-008-신한_Deep_Dream_체크_승인내역.json#AP0001000169;card/카드-014-신한_Deep_Dream_체크_매입정보.json#AP0001000169,,calib:교통/택시
2026-06-03,19:07,지출,교통,택시,탄방동콜택시,-4000,KRW,하나핀크 생활통장,,P0001,P0001-T0389,소비,P0001-BANK-MAIN,bank/은행-004-하나핀크_생활통장_P0001-BANK-MAIN.json#BP000100125,,calib:교통/택시
2026-06-03,18:36,지출,카페/간식,커피/음료,이디야커피,-2900,KRW,신한 Deep Dream 체크,,P0001,P0001-T0358,소비,P0001-CARD-01,card/카드-008-신한_Deep_Dream_체크_승인내역.json#AP0001000150;card/카드-014-신한_Deep_Dream_체크_매입정보.json#AP0001000150,,calib:요식/카페
2026-06-03,18:31,수입,금융수입,캐시백,신한 Deep Dream 체크 적립포인트,875,KRW,하나핀크 생활통장,,P0001,P0001-T0324,소득,P0001-BANK-MAIN,bank/은행-004-하나핀크_생활통장_P0001-BANK-MAIN.json#BP000100109,캐시백,income:캐시백
2026-06-03,09:21,지출,식비,한식,갈마동비빔밥,-1600,KRW,카카오페이 간편결제,,P0001,P0001-T0345,소비,P0001-카카오페이,efinance/전금-103-카카오페이.json#EP0001카00019;efinance/전금-004-카카오페이_머니.json#WP000100005,,calib:요식/한식
2026-06-02,23:44,지출,교육/학습,학원/강의,패스트캠퍼스,-47400,KRW,신한 Deep Dream 체크,,P0001,P0001-T0376,소비,P0001-CARD-01,card/카드-008-신한_Deep_Dream_체크_승인내역.json#AP0001000160;card/카드-014-신한_Deep_Dream_체크_매입정보.json#AP0001000160,,triangular:학원/강의
2026-06-02,20:55,지출,식비,한식,정림동곱창,-2300,KRW,토스 간편결제,,P0001,P0001-T0342,소비,P0001-토스페이,efinance/전금-103-토스페이.json#EP0001토00031,,calib:요식/한식
2026-06-01,22:37,지출,온라인쇼핑,인터넷쇼핑,발란,-67200,KRW,하나핀크 생활통장,장바구니 정리하다가,P0001,P0001-T0402,소비,P0001-BANK-MAIN,bank/은행-004-하나핀크_생활통장_P0001-BANK-MAIN.json#BP000100129,,calib:온라인쇼핑/인터넷쇼핑
2026-06-01,14:55,지출,생활,편의점,세븐일레븐,-14200,KRW,신한 Deep Dream 체크,,P0001,P0001-T0414,소비,P0001-CARD-01,card/카드-008-신한_Deep_Dream_체크_승인내역.json#AP0001000179;card/카드-014-신한_Deep_Dream_체크_매입정보.json#AP0001000179,,calib:생활/편의점
2026-06-01,13:41,이체,저축,예적금/청약,국민은행 KB 청년도약계좌,-12000,KRW,하나핀크 생활통장,,P0001,P0001-T0331,저축,P0001-BANK-MAIN->P0001-BANK-SAVE,bank/은행-004-하나핀크_생활통장_P0001-BANK-MAIN.json#BP000100115;bank/은행-004-국민은행_KB_청년도약계좌_P0001-BANK-SAVE.json#BP000100027,,savings:정기
2026-06-01,08:08,지출,교통,택시,관저동개인택시,-2442,KRW,신한 Deep Dream 체크,막차 놓쳐서,P0001,P0001-T0399,소비,P0001-CARD-01,card/카드-008-신한_Deep_Dream_체크_승인내역.json#AP0001000172;card/카드-014-신한_Deep_Dream_체크_매입정보.json#AP0001000172,,calib:교통/택시
2026-05-31,16:10,지출,생활,편의점,이마트24,-45300,KRW,하나핀크 생활통장,,P0001,P0001-T0316,소비,P0001-BANK-MAIN,bank/은행-004-하나핀크_생활통장_P0001-BANK-MAIN.json#BP000100106,,calib:생활/편의점
2026-05-29,10:31,지출,온라인쇼핑,인터넷쇼핑,펀샵,-37148,KRW,신한 Deep Dream 체크,,P0001,P0001-T0315,소비,P0001-CARD-01,card/카드-008-신한_Deep_Dream_체크_승인내역.json#AP0001000138;card/카드-014-신한_Deep_Dream_체크_매입정보.json#AP0001000138,,calib:온라인쇼핑/인터넷쇼핑
2026-05-29,09:18,지출,교통,택시,정림동개인택시,-4900,KRW,신한 Deep Dream 체크,,P0001,P0001-T0310,소비,P0001-CARD-01,card/카드-008-신한_Deep_Dream_체크_승인내역.json#AP0001000136;card/카드-014-신한_Deep_Dream_체크_매입정보.json#AP0001000136,,calib:교통/택시
2026-05-28,21:37,지출,온라인쇼핑,인터넷쇼핑,롯데온,-14100,KRW,신한 Deep Dream 체크,,P0001,P0001-T0314,소비,P0001-CARD-01,card/카드-008-신한_Deep_Dream_체크_승인내역.json#AP0001000137;card/카드-014-신한_Deep_Dream_체크_매입정보.json#AP0001000137,,calib:온라인쇼핑/인터넷쇼핑
2026-05-28,15:29,이체,저축,예적금/청약,비상금 이체,-30000,KRW,하나핀크 생활통장,자동이체 저축,P0001,P0001-T0293,저축,P0001-BANK-MAIN->P0001-BANK-SAVE,bank/은행-004-하나핀크_생활통장_P0001-BANK-MAIN.json#BP000100100;bank/은행-004-국민은행_KB_청년도약계좌_P0001-BANK-SAVE.json#BP000100026,,savings:비상금
2026-05-28,11:39,지출,패션/쇼핑,패션,슈마커,-50800,KRW,네이버페이 간편결제,친구 결혼식 하객룩,P0001,P0001-T0294,소비,P0001-네이버페이,efinance/전금-103-네이버페이.json#EP0001네00023;efinance/전금-004-네이버페이_머니.json#WP000100010,,triangular:패션
2026-05-28,07:04,지출,교통,택시,월평동개인택시,-1200,KRW,토스 간편결제,,P0001,P0001-T0308,소비,P0001-토스페이,efinance/전금-103-토스페이.json#EP0001토00029,,calib:교통/택시
2026-05-27,17:16,지출,패션/쇼핑,패션,둔산동편집숍,-74600,KRW,신한 Deep Dream 체크,,P0001,P0001-T0302,소비,P0001-CARD-01,card/카드-008-신한_Deep_Dream_체크_승인내역.json#AP0001000133;card/카드-014-신한_Deep_Dream_체크_매입정보.json#AP0001000133,,triangular:패션
2026-05-27,07:43,지출,교통,택시,카카오T 택시,-4600,KRW,하나핀크 생활통장,,P0001,P0001-T0311,소비,P0001-BANK-MAIN,bank/은행-004-하나핀크_생활통장_P0001-BANK-MAIN.json#BP000100105,,calib:교통/택시
2026-05-26,16:29,지출,교육/학습,학원/강의,클래스101,-100200,KRW,신한 Deep Dream 체크,,P0001,P0001-T0296,소비,P0001-CARD-01,card/카드-008-신한_Deep_Dream_체크_승인내역.json#AP0001000131;card/카드-014-신한_Deep_Dream_체크_매입정보.json#AP0001000131,,triangular:학원/강의
2026-05-25,20:37,지출,생활,통신,월평동알뜰폰샵,-20000,KRW,하나핀크 생활통장,데이터 추가 결제,P0001,P0001-T0287,소비,P0001-BANK-MAIN,bank/은행-004-하나핀크_생활통장_P0001-BANK-MAIN.json#BP000100095,,fixed:통신
2026-05-25,10:28,이체,저축,예적금/청약,국민은행 KB 청년도약계좌,-15000,KRW,하나핀크 생활통장,,P0001,P0001-T0292,저축,P0001-BANK-MAIN->P0001-BANK-SAVE,bank/은행-004-하나핀크_생활통장_P0001-BANK-MAIN.json#BP000100099;bank/은행-004-국민은행_KB_청년도약계좌_P0001-BANK-SAVE.json#BP000100025,,savings:정기
2026-05-25,09:56,지출,주거,월세/관리비,탄방동 아파트 관리비,-230000,KRW,하나핀크 생활통장,,P0001,P0001-T0286,소비,P0001-BANK-MAIN,bank/은행-004-하나핀크_생활통장_P0001-BANK-MAIN.json#BP000100094,,fixed:월세관리비
2026-05-23,10:20,지출,교육/학습,학원/강의,도마동음악학원,-49600,KRW,하나핀크 생활통장,,P0001,P0001-T0297,소비,P0001-BANK-MAIN,bank/은행-004-하나핀크_생활통장_P0001-BANK-MAIN.json#BP000100101,,triangular:학원/강의
2026-05-22,13:37,지출,생활,편의점,미니스톱,-42700,KRW,신한 Deep Dream 체크,공과금 납부,P0001,P0001-T0317,소비,P0001-CARD-01,card/카드-008-신한_Deep_Dream_체크_승인내역.json#AP0001000139;card/카드-014-신한_Deep_Dream_체크_매입정보.json#AP0001000139,,calib:생활/편의점
2026-05-21,21:11,지출,패션/쇼핑,패션,갈마동편집숍,-36500,KRW,하나핀크 생활통장,,P0001,P0001-T0301,소비,P0001-BANK-MAIN,bank/은행-004-하나핀크_생활통장_P0001-BANK-MAIN.json#BP000100102,,triangular:패션
2026-05-20,15:10,지출,문화/여가,도서,알라딘,-18600,KRW,신한 Deep Dream 체크,,P0001,P0001-T0303,소비,P0001-CARD-01,card/카드-008-신한_Deep_Dream_체크_승인내역.json#AP0001000134;card/카드-014-신한_Deep_Dream_체크_매입정보.json#AP0001000134,,triangular:도서
2026-05-19,16:48,지출,교육/학습,학원/강의,메가스터디,-58900,KRW,토스 간편결제,,P0001,P0001-T0300,소비,P0001-토스페이,efinance/전금-103-토스페이.json#EP0001토00028,,triangular:학원/강의
2026-05-18,12:19,수입,근로소득,알바비,㈜가온헬스케어 용역비 지급,620000,KRW,하나핀크 생활통장,,P0001,P0001-T0283,소득,P0001-BANK-MAIN,bank/은행-004-하나핀크_생활통장_P0001-BANK-MAIN.json#BP000100091,알바비,income:알바비
2026-05-18,10:11,이체,저축,예적금/청약,국민은행 KB 청년도약계좌,-15000,KRW,하나핀크 생활통장,,P0001,P0001-T0291,저축,P0001-BANK-MAIN->P0001-BANK-SAVE,bank/은행-004-하나핀크_생활통장_P0001-BANK-MAIN.json#BP000100098;bank/은행-004-국민은행_KB_청년도약계좌_P0001-BANK-SAVE.json#BP000100024,,savings:정기
2026-05-15,21:25,지출,생활,편의점,GS25 도마동점,-36400,KRW,신한 Deep Dream 체크,,P0001,P0001-T0318,소비,P0001-CARD-01,card/카드-008-신한_Deep_Dream_체크_승인내역.json#AP0001000140;card/카드-014-신한_Deep_Dream_체크_매입정보.json#AP0001000140,,calib:생활/편의점
2026-05-15,13:21,지출,교육/학습,학원/강의,월평동논술학원,-88700,KRW,신한 Deep Dream 체크,,P0001,P0001-T0295,소비,P0001-CARD-01,card/카드-008-신한_Deep_Dream_체크_승인내역.json#AP0001000130;card/카드-014-신한_Deep_Dream_체크_매입정보.json#AP0001000130,,triangular:학원/강의
2026-05-13,16:50,지출,교육/학습,학원/강의,탄방동태권도학원,-71900,KRW,네이버페이 간편결제,어학원 등록,P0001,P0001-T0304,소비,P0001-네이버페이,efinance/전금-103-네이버페이.json#EP0001네00024;efinance/전금-004-네이버페이_머니.json#WP000100011,,triangular:학원/강의
2026-05-13,09:16,지출,교통,택시,둔산동개인택시,-1700,KRW,네이버페이 간편결제,,P0001,P0001-T0305,소비,P0001-네이버페이,efinance/전금-103-네이버페이.json#EP0001네00025,,calib:교통/택시
2026-05-13,08:04,지출,생활,서비스구독,멜론,-4900,KRW,신한 Deep Dream 체크,,P0001,P0001-T0288,소비,P0001-CARD-01,card/카드-008-신한_Deep_Dream_체크_승인내역.json#AP0001000129;card/카드-014-신한_Deep_Dream_체크_매입정보.json#AP0001000129,,fixed:구독
2026-05-12,20:46,지출,패션/쇼핑,패션,도마동빈티지샵,-79200,KRW,신한 Deep Dream 체크,,P0001,P0001-T0298,소비,P0001-CARD-01,card/카드-008-신한_Deep_Dream_체크_승인내역.json#AP0001000132;card/카드-014-신한_Deep_Dream_체크_매입정보.json#AP0001000132,,triangular:패션
2026-05-12,16:23,지출,생활,편의점,CU 탄방동점,-41300,KRW,신한 Deep Dream 체크,,P0001,P0001-T0319,소비,P0001-CARD-01,card/카드-008-신한_Deep_Dream_체크_승인내역.json#AP0001000141;card/카드-014-신한_Deep_Dream_체크_매입정보.json#AP0001000141,,calib:생활/편의점
2026-05-11,13:11,이체,저축,예적금/청약,국민은행 KB 청년도약계좌,-15000,KRW,하나핀크 생활통장,,P0001,P0001-T0290,저축,P0001-BANK-MAIN->P0001-BANK-SAVE,bank/은행-004-하나핀크_생활통장_P0001-BANK-MAIN.json#BP000100097;bank/은행-004-국민은행_KB_청년도약계좌_P0001-BANK-SAVE.json#BP000100023,,savings:정기
2026-05-09,23:10,지출,온라인쇼핑,인터넷쇼핑,오늘의집 스토어,-16300,KRW,카카오페이 간편결제,,P0001,P0001-T0313,소비,P0001-카카오페이,efinance/전금-103-카카오페이.json#EP0001카00017,,calib:온라인쇼핑/인터넷쇼핑
2026-05-09,07:41,지출,교통,택시,탄방동개인택시,-4952,KRW,네이버페이 간편결제,,P0001,P0001-T0312,소비,P0001-네이버페이,efinance/전금-103-네이버페이.json#EP0001네00026,,calib:교통/택시
2026-05-08,23:49,지출,교통,택시,갈마동개인택시,-3500,KRW,신한 Deep Dream 체크,,P0001,P0001-T0307,소비,P0001-CARD-01,card/카드-008-신한_Deep_Dream_체크_승인내역.json#AP0001000135;card/카드-014-신한_Deep_Dream_체크_매입정보.json#AP0001000135,,calib:교통/택시
2026-05-08,19:13,지출,교통,택시,관저동개인택시,-1900,KRW,하나핀크 생활통장,비 와서 택시,P0001,P0001-T0306,소비,P0001-BANK-MAIN,bank/은행-004-하나핀크_생활통장_P0001-BANK-MAIN.json#BP000100103,,calib:교통/택시
2026-05-07,17:56,수입,금융수입,캐시백,토스뱅크 체크카드 캐시백,636,KRW,하나핀크 생활통장,,P0001,P0001-T0285,소득,P0001-BANK-MAIN,bank/은행-004-하나핀크_생활통장_P0001-BANK-MAIN.json#BP000100093,캐시백,income:캐시백
2026-05-07,10:30,수입,금융수입,캐시백,신한 Deep Dream 체크 캐시백,193,KRW,하나핀크 생활통장,,P0001,P0001-T0284,소득,P0001-BANK-MAIN,bank/은행-004-하나핀크_생활통장_P0001-BANK-MAIN.json#BP000100092,캐시백,income:캐시백
2026-05-05,18:19,지출,뷰티/미용,화장품,클리오,-41700,KRW,토스 간편결제,,P0001,P0001-T0299,소비,P0001-토스페이,efinance/전금-103-토스페이.json#EP0001토00027,,triangular:화장품
2026-05-05,17:58,수입,기타수입,용돈,가족 지원금,500000,KRW,하나핀크 생활통장,설문조사 참여비,P0001,P0001-T0282,소득,P0001-BANK-MAIN,bank/은행-004-하나핀크_생활통장_P0001-BANK-MAIN.json#BP000100090,용돈,income:용돈
2026-05-05,07:09,지출,교통,택시,반반택시,-3200,KRW,하나핀크 생활통장,,P0001,P0001-T0309,소비,P0001-BANK-MAIN,bank/은행-004-하나핀크_생활통장_P0001-BANK-MAIN.json#BP000100104,,calib:교통/택시
2026-05-04,09:49,이체,저축,예적금/청약,국민은행 KB 청년도약계좌,-15000,KRW,하나핀크 생활통장,,P0001,P0001-T0289,저축,P0001-BANK-MAIN->P0001-BANK-SAVE,bank/은행-004-하나핀크_생활통장_P0001-BANK-MAIN.json#BP000100096;bank/은행-004-국민은행_KB_청년도약계좌_P0001-BANK-SAVE.json#BP000100022,,savings:정기
2026-05-03,21:07,지출,생활,편의점,이마트24,-14500,KRW,신한 Deep Dream 체크,,P0001,P0001-T0320,소비,P0001-CARD-01,card/카드-008-신한_Deep_Dream_체크_승인내역.json#AP0001000142;card/카드-014-신한_Deep_Dream_체크_매입정보.json#AP0001000142,,calib:생활/편의점
2026-05-01,20:38,지출,생활,편의점,CU 도마동점,-30568,KRW,네이버페이 간편결제,,P0001,P0001-T0321,소비,P0001-네이버페이,efinance/전금-103-네이버페이.json#EP0001네00027,,calib:생활/편의점
2026-04-30,17:50,지출,생활,편의점,CU 정림동점,-3100,KRW,신한 Deep Dream 체크,,P0001,P0001-T0265,소비,P0001-CARD-01,card/카드-008-신한_Deep_Dream_체크_승인내역.json#AP0001000118;card/카드-014-신한_Deep_Dream_체크_매입정보.json#AP0001000118,,calib:생활/편의점
2026-04-30,10:46,지출,생활,편의점,GS25,-1000,KRW,신한 Deep Dream 체크,,P0001,P0001-T0271,소비,P0001-CARD-01,card/카드-008-신한_Deep_Dream_체크_승인내역.json#AP0001000124;card/카드-014-신한_Deep_Dream_체크_매입정보.json#AP0001000124,,calib:생활/편의점
2026-04-29,17:23,지출,문화/여가,도서,도마동북카페,-21000,KRW,신한 Deep Dream 체크,,P0001,P0001-T0238,소비,P0001-CARD-01,card/카드-008-신한_Deep_Dream_체크_승인내역.json#AP0001000104;card/카드-014-신한_Deep_Dream_체크_매입정보.json#AP0001000104,,triangular:도서
2026-04-29,12:59,지출,생활,마트,갈마동청과마트,-9900,KRW,신한 Deep Dream 체크,,P0001,P0001-T0260,소비,P0001-CARD-01,card/카드-008-신한_Deep_Dream_체크_승인내역.json#AP0001000113;card/카드-014-신한_Deep_Dream_체크_매입정보.json#AP0001000113,,calib:생활/마트
2026-04-28,19:05,지출,교통,택시,정림동콜택시,-3070,KRW,토스 간편결제,,P0001,P0001-T0253,소비,P0001-토스페이,efinance/전금-103-토스페이.json#EP0001토00023,,calib:교통/택시
2026-04-28,11:12,이체,저축,예적금/청약,비상금 이체,-30000,KRW,하나핀크 생활통장,연말정산용 청약저축,P0001,P0001-T0233,저축,P0001-BANK-MAIN->P0001-BANK-SAVE,bank/은행-004-하나핀크_생활통장_P0001-BANK-MAIN.json#BP000100080;bank/은행-004-국민은행_KB_청년도약계좌_P0001-BANK-SAVE.json#BP000100021,,savings:비상금
2026-04-27,19:09,이체,저축,예적금/청약,국민은행 KB 청년도약계좌,-15000,KRW,하나핀크 생활통장,,P0001,P0001-T0232,저축,P0001-BANK-MAIN->P0001-BANK-SAVE,bank/은행-004-하나핀크_생활통장_P0001-BANK-MAIN.json#BP000100079;bank/은행-004-국민은행_KB_청년도약계좌_P0001-BANK-SAVE.json#BP000100020,,savings:정기
2026-04-27,17:53,지출,교육/학습,학원/강의,정림동보습학원,-99000,KRW,신한 Deep Dream 체크,,P0001,P0001-T0241,소비,P0001-CARD-01,card/카드-008-신한_Deep_Dream_체크_승인내역.json#AP0001000105;card/카드-014-신한_Deep_Dream_체크_매입정보.json#AP0001000105,,triangular:학원/강의
2026-04-27,15:08,지출,생활,편의점,CU 월평동점,-1300,KRW,신한 Deep Dream 체크,,P0001,P0001-T0274,소비,P0001-CARD-01,card/카드-008-신한_Deep_Dream_체크_승인내역.json#AP0001000125;card/카드-014-신한_Deep_Dream_체크_매입정보.json#AP0001000125,,calib:생활/편의점
2026-04-27,12:23,지출,의료/건강,약국,정림동행복약국,-12869,KRW,신한 Deep Dream 체크,,P0001,P0001-T0281,소비,P0001-CARD-01,card/카드-008-신한_Deep_Dream_체크_승인내역.json#AP0001000128;card/카드-014-신한_Deep_Dream_체크_매입정보.json#AP0001000128,,calib:의료/건강/약국
2026-04-27,09:23,지출,생활,마트,월평동청과마트,-12000,KRW,신한 Deep Dream 체크,일주일치 장보기,P0001,P0001-T0263,소비,P0001-CARD-01,card/카드-008-신한_Deep_Dream_체크_승인내역.json#AP0001000116;card/카드-014-신한_Deep_Dream_체크_매입정보.json#AP0001000116,,calib:생활/마트
2026-04-25,22:15,지출,생활,편의점,미니스톱,-2076,KRW,네이버페이 간편결제,,P0001,P0001-T0279,소비,P0001-네이버페이,efinance/전금-103-네이버페이.json#EP0001네00022;efinance/전금-004-네이버페이_머니.json#WP000100009,,calib:생활/편의점
2026-04-25,17:25,지출,생활,통신,월평동알뜰폰샵,-20000,KRW,하나핀크 생활통장,,P0001,P0001-T0227,소비,P0001-BANK-MAIN,bank/은행-004-하나핀크_생활통장_P0001-BANK-MAIN.json#BP000100075,,fixed:통신
2026-04-25,11:42,지출,패션/쇼핑,패션,무신사 스토어,-47600,KRW,하나핀크 생활통장,친구 결혼식 하객룩,P0001,P0001-T0235,소비,P0001-BANK-MAIN,bank/은행-004-하나핀크_생활통장_P0001-BANK-MAIN.json#BP000100082,,triangular:패션
2026-04-25,09:00,지출,주거,월세/관리비,탄방동 아파트 관리비,-230000,KRW,하나핀크 생활통장,,P0001,P0001-T0226,소비,P0001-BANK-MAIN,bank/은행-004-하나핀크_생활통장_P0001-BANK-MAIN.json#BP000100074,,fixed:월세관리비
2026-04-24,21:50,지출,문화/여가,도서,정림동북카페,-21700,KRW,네이버페이 간편결제,독서모임 선정도서,P0001,P0001-T0243,소비,P0001-네이버페이,efinance/전금-103-네이버페이.json#EP0001네00019,,triangular:도서
2026-04-24,07:04,지출,교통,택시,월평동개인택시,-1800,KRW,토스 간편결제,,P0001,P0001-T0247,소비,P0001-토스페이,efinance/전금-103-토스페이.json#EP0001토00022,,calib:교통/택시
2026-04-23,23:01,지출,생활,편의점,CU 둔산동점,-700,KRW,신한 Deep Dream 체크,,P0001,P0001-T0266,소비,P0001-CARD-01,card/카드-008-신한_Deep_Dream_체크_승인내역.json#AP0001000119;card/카드-014-신한_Deep_Dream_체크_매입정보.json#AP0001000119,,calib:생활/편의점
2026-04-23,18:39,지출,생활,편의점,GS25 탄방동점,-3500,KRW,네이버페이 간편결제,,P0001,P0001-T0272,소비,P0001-네이버페이,efinance/전금-103-네이버페이.json#EP0001네00021;efinance/전금-004-네이버페이_머니.json#WP000100008,,calib:생활/편의점
2026-04-21,22:12,지출,교통,택시,둔산동콜택시,-2700,KRW,하나핀크 생활통장,,P0001,P0001-T0246,소비,P0001-BANK-MAIN,bank/은행-004-하나핀크_생활통장_P0001-BANK-MAIN.json#BP000100085,,calib:교통/택시
2026-04-21,18:09,지출,생활,편의점,CU 가수원동점,-3400,KRW,신한 Deep Dream 체크,,P0001,P0001-T0268,소비,P0001-CARD-01,card/카드-008-신한_Deep_Dream_체크_승인내역.json#AP0001000121;card/카드-014-신한_Deep_Dream_체크_매입정보.json#AP0001000121,,calib:생활/편의점
2026-04-20,15:15,지출,의료/건강,약국,갈마동행복약국,-41700,KRW,신한 Deep Dream 체크,,P0001,P0001-T0280,소비,P0001-CARD-01,card/카드-008-신한_Deep_Dream_체크_승인내역.json#AP0001000127;card/카드-014-신한_Deep_Dream_체크_매입정보.json#AP0001000127,,calib:의료/건강/약국
2026-04-20,10:21,이체,저축,예적금/청약,국민은행 KB 청년도약계좌,-15000,KRW,하나핀크 생활통장,,P0001,P0001-T0231,저축,P0001-BANK-MAIN->P0001-BANK-SAVE,bank/은행-004-하나핀크_생활통장_P0001-BANK-MAIN.json#BP000100078;bank/은행-004-국민은행_KB_청년도약계좌_P0001-BANK-SAVE.json#BP000100019,,savings:정기
2026-04-20,07:13,지출,교통,택시,가수원동개인택시,-4200,KRW,신한 Deep Dream 체크,짐이 많아서,P0001,P0001-T0245,소비,P0001-CARD-01,card/카드-008-신한_Deep_Dream_체크_승인내역.json#AP0001000107;card/카드-014-신한_Deep_Dream_체크_매입정보.json#AP0001000107,,calib:교통/택시
2026-04-18,14:27,수입,근로소득,알바비,㈜우리에너지 용역비 지급,740000,KRW,하나핀크 생활통장,,P0001,P0001-T0225,소득,P0001-BANK-MAIN,bank/은행-004-하나핀크_생활통장_P0001-BANK-MAIN.json#BP000100073,알바비,income:알바비
2026-04-17,12:02,지출,생활,편의점,GS25 둔산동점,-900,KRW,신한 Deep Dream 체크,,P0001,P0001-T0276,소비,P0001-CARD-01,card/카드-008-신한_Deep_Dream_체크_승인내역.json#AP0001000126;card/카드-014-신한_Deep_Dream_체크_매입정보.json#AP0001000126,,calib:생활/편의점
2026-04-16,10:47,지출,온라인쇼핑,인터넷쇼핑,패션바이엔이스,-27900,KRW,신한 Deep Dream 체크,,P0001,P0001-T0257,소비,P0001-CARD-01,card/카드-008-신한_Deep_Dream_체크_승인내역.json#AP0001000111;card/카드-014-신한_Deep_Dream_체크_매입정보.json#AP0001000111,,calib:온라인쇼핑/인터넷쇼핑
2026-04-15,22:36,지출,온라인쇼핑,인터넷쇼핑,카페24 입점몰,-27381,KRW,신한 Deep Dream 체크,,P0001,P0001-T0259,소비,P0001-CARD-01,card/카드-008-신한_Deep_Dream_체크_승인내역.json#AP0001000112;card/카드-014-신한_Deep_Dream_체크_매입정보.json#AP0001000112,,calib:온라인쇼핑/인터넷쇼핑
2026-04-15,21:44,지출,문화/여가,도서,월평동책방,-36500,KRW,네이버페이 간편결제,,P0001,P0001-T0239,소비,P0001-네이버페이,efinance/전금-103-네이버페이.json#EP0001네00018,,triangular:도서
2026-04-13,18:27,이체,저축,예적금/청약,국민은행 KB 청년도약계좌,-15000,KRW,하나핀크 생활통장,,P0001,P0001-T0230,저축,P0001-BANK-MAIN->P0001-BANK-SAVE,bank/은행-004-하나핀크_생활통장_P0001-BANK-MAIN.json#BP000100077;bank/은행-004-국민은행_KB_청년도약계좌_P0001-BANK-SAVE.json#BP000100018,,savings:정기
2026-04-13,10:21,지출,생활,편의점,CU 가수원동점,-2300,KRW,하나핀크 생활통장,,P0001,P0001-T0278,소비,P0001-BANK-MAIN,bank/은행-004-하나핀크_생활통장_P0001-BANK-MAIN.json#BP000100089,,calib:생활/편의점
2026-04-13,10:11,지출,생활,서비스구독,멜론,-4900,KRW,신한 Deep Dream 체크,,P0001,P0001-T0228,소비,P0001-CARD-01,card/카드-008-신한_Deep_Dream_체크_승인내역.json#AP0001000102;card/카드-014-신한_Deep_Dream_체크_매입정보.json#AP0001000102,,fixed:구독
2026-04-13,09:07,지출,교통,택시,반반택시,-2100,KRW,신한 Deep Dream 체크,,P0001,P0001-T0250,소비,P0001-CARD-01,card/카드-008-신한_Deep_Dream_체크_승인내역.json#AP0001000108;card/카드-014-신한_Deep_Dream_체크_매입정보.json#AP0001000108,,calib:교통/택시
2026-04-11,16:17,지출,패션/쇼핑,패션,폴로 랄프로렌,-71100,KRW,신한 Deep Dream 체크,계절 옷 정리,P0001,P0001-T0242,소비,P0001-CARD-01,card/카드-008-신한_Deep_Dream_체크_승인내역.json#AP0001000106;card/카드-014-신한_Deep_Dream_체크_매입정보.json#AP0001000106,,triangular:패션
2026-04-11,10:12,지출,온라인쇼핑,인터넷쇼핑,롯데온,-19200,KRW,신한 Deep Dream 체크,,P0001,P0001-T0255,소비,P0001-CARD-01,card/카드-008-신한_Deep_Dream_체크_승인내역.json#AP0001000110;card/카드-014-신한_Deep_Dream_체크_매입정보.json#AP0001000110,,calib:온라인쇼핑/인터넷쇼핑
2026-04-09,23:41,지출,교통,택시,탄방동개인택시,-1000,KRW,카카오페이 간편결제,컨디션 안 좋아서,P0001,P0001-T0251,소비,P0001-카카오페이,efinance/전금-103-카카오페이.json#EP0001카00015;efinance/전금-004-카카오페이_머니.json#WP000100003,,calib:교통/택시
2026-04-09,23:17,지출,생활,편의점,GS25 탄방동점,-3600,KRW,신한 Deep Dream 체크,숙취해소용,P0001,P0001-T0267,소비,P0001-CARD-01,card/카드-008-신한_Deep_Dream_체크_승인내역.json#AP0001000120;card/카드-014-신한_Deep_Dream_체크_매입정보.json#AP0001000120,,calib:생활/편의점
2026-04-09,19:49,지출,생활,편의점,GS25 관저동점,-1500,KRW,토스 간편결제,,P0001,P0001-T0277,소비,P0001-토스페이,efinance/전금-103-토스페이.json#EP0001토00026,,calib:생활/편의점
2026-04-08,20:03,지출,온라인쇼핑,인터넷쇼핑,테무,-4500,KRW,토스 간편결제,재구매,P0001,P0001-T0256,소비,P0001-토스페이,efinance/전금-103-토스페이.json#EP0001토00024,,calib:온라인쇼핑/인터넷쇼핑
2026-04-08,15:30,지출,교육/학습,학원/강의,패스트캠퍼스,-25300,KRW,하나핀크 생활통장,,P0001,P0001-T0240,소비,P0001-BANK-MAIN,bank/은행-004-하나핀크_생활통장_P0001-BANK-MAIN.json#BP000100083,,triangular:학원/강의
2026-04-08,09:39,지출,생활,편의점,CU 정림동점,-700,KRW,카카오페이 간편결제,현금 인출 대신 결제,P0001,P0001-T0275,소비,P0001-카카오페이,efinance/전금-103-카카오페이.json#EP0001카00016,,calib:생활/편의점
2026-04-07,21:04,지출,생활,마트,도마동청과마트,-8700,KRW,신한 Deep Dream 체크,,P0001,P0001-T0261,소비,P0001-CARD-01,card/카드-008-신한_Deep_Dream_체크_승인내역.json#AP0001000114;card/카드-014-신한_Deep_Dream_체크_매입정보.json#AP0001000114,,calib:생활/마트
2026-04-07,17:40,지출,생활,편의점,세븐일레븐,-3500,KRW,신한 Deep Dream 체크,,P0001,P0001-T0269,소비,P0001-CARD-01,card/카드-008-신한_Deep_Dream_체크_승인내역.json#AP0001000122;card/카드-014-신한_Deep_Dream_체크_매입정보.json#AP0001000122,,calib:생활/편의점
2026-04-07,13:00,지출,교육/학습,학원/강의,이투스,-127500,KRW,네이버페이 간편결제,어학원 등록,P0001,P0001-T0237,소비,P0001-네이버페이,efinance/전금-103-네이버페이.json#EP0001네00017,,triangular:학원/강의
2026-04-07,12:18,지출,교육/학습,학원/강의,스피킹맥스,-102200,KRW,신한 Deep Dream 체크,,P0001,P0001-T0236,소비,P0001-CARD-01,card/카드-008-신한_Deep_Dream_체크_승인내역.json#AP0001000103;card/카드-014-신한_Deep_Dream_체크_매입정보.json#AP0001000103,,triangular:학원/강의
2026-04-06,16:52,이체,저축,예적금/청약,국민은행 KB 청년도약계좌,-15000,KRW,하나핀크 생활통장,,P0001,P0001-T0229,저축,P0001-BANK-MAIN->P0001-BANK-SAVE,bank/은행-004-하나핀크_생활통장_P0001-BANK-MAIN.json#BP000100076;bank/은행-004-국민은행_KB_청년도약계좌_P0001-BANK-SAVE.json#BP000100017,,savings:정기
2026-04-06,16:22,지출,생활,편의점,GS25 갈마동점,-3400,KRW,토스 간편결제,,P0001,P0001-T0273,소비,P0001-토스페이,efinance/전금-103-토스페이.json#EP0001토00025,,calib:생활/편의점
2026-04-06,09:07,지출,패션/쇼핑,패션,둔산동편집숍,-51900,KRW,하나핀크 생활통장,,P0001,P0001-T0244,소비,P0001-BANK-MAIN,bank/은행-004-하나핀크_생활통장_P0001-BANK-MAIN.json#BP000100084,,triangular:패션
2026-04-05,18:35,지출,교통,택시,월평동개인택시,-5400,KRW,네이버페이 간편결제,공항 이동,P0001,P0001-T0249,소비,P0001-네이버페이,efinance/전금-103-네이버페이.json#EP0001네00020,,calib:교통/택시
2026-04-05,09:33,수입,기타수입,용돈,부모님 용돈,500000,KRW,하나핀크 생활통장,설문조사 참여비,P0001,P0001-T0224,소득,P0001-BANK-MAIN,bank/은행-004-하나핀크_생활통장_P0001-BANK-MAIN.json#BP000100072,용돈,income:용돈
2026-04-05,09:25,지출,교육/학습,학원/강의,패스트캠퍼스,-59900,KRW,하나핀크 생활통장,,P0001,P0001-T0234,소비,P0001-BANK-MAIN,bank/은행-004-하나핀크_생활통장_P0001-BANK-MAIN.json#BP000100081,,triangular:학원/강의
2026-04-04,19:37,지출,생활,편의점,GS25 월평동점,-600,KRW,신한 Deep Dream 체크,,P0001,P0001-T0270,소비,P0001-CARD-01,card/카드-008-신한_Deep_Dream_체크_승인내역.json#AP0001000123;card/카드-014-신한_Deep_Dream_체크_매입정보.json#AP0001000123,,calib:생활/편의점
2026-04-04,12:19,지출,생활,마트,홈플러스,-15000,KRW,신한 Deep Dream 체크,,P0001,P0001-T0262,소비,P0001-CARD-01,card/카드-008-신한_Deep_Dream_체크_승인내역.json#AP0001000115;card/카드-014-신한_Deep_Dream_체크_매입정보.json#AP0001000115,,calib:생활/마트
2026-04-03,18:22,지출,교통,택시,월평동콜택시,-2500,KRW,하나핀크 생활통장,,P0001,P0001-T0248,소비,P0001-BANK-MAIN,bank/은행-004-하나핀크_생활통장_P0001-BANK-MAIN.json#BP000100086,,calib:교통/택시
2026-04-03,10:09,지출,온라인쇼핑,인터넷쇼핑,테무,-7800,KRW,하나핀크 생활통장,,P0001,P0001-T0258,소비,P0001-BANK-MAIN,bank/은행-004-하나핀크_생활통장_P0001-BANK-MAIN.json#BP000100088,,calib:온라인쇼핑/인터넷쇼핑
2026-04-02,21:29,지출,온라인쇼핑,인터넷쇼핑,에이블리,-26200,KRW,신한 Deep Dream 체크,,P0001,P0001-T0254,소비,P0001-CARD-01,card/카드-008-신한_Deep_Dream_체크_승인내역.json#AP0001000109;card/카드-014-신한_Deep_Dream_체크_매입정보.json#AP0001000109,,calib:온라인쇼핑/인터넷쇼핑
2026-04-01,22:50,지출,교통,택시,서구장애인콜택시,-1500,KRW,하나핀크 생활통장,,P0001,P0001-T0252,소비,P0001-BANK-MAIN,bank/은행-004-하나핀크_생활통장_P0001-BANK-MAIN.json#BP000100087,,calib:교통/택시
2026-04-01,22:27,지출,생활,마트,둔산동청과마트,-7843,KRW,신한 Deep Dream 체크,자취방 물품 채우기,P0001,P0001-T0264,소비,P0001-CARD-01,card/카드-008-신한_Deep_Dream_체크_승인내역.json#AP0001000117;card/카드-014-신한_Deep_Dream_체크_매입정보.json#AP0001000117,,calib:생활/마트
2026-03-31,23:05,지출,교통,택시,도마동콜택시,-7265,KRW,신한 Deep Dream 체크,,P0001,P0001-T0173,소비,P0001-CARD-01,card/카드-008-신한_Deep_Dream_체크_승인내역.json#AP0001000076;card/카드-014-신한_Deep_Dream_체크_매입정보.json#AP0001000076,,calib:교통/택시
2026-03-31,11:49,지출,식비,한식,도마동낙지볶음,-1800,KRW,카카오페이 간편결제,,P0001,P0001-T0123,소비,P0001-카카오페이,efinance/전금-103-카카오페이.json#EP0001카00007,,calib:요식/한식
2026-03-31,09:08,지출,교통,택시,티맵 택시,-3700,KRW,카카오페이 간편결제,비 와서 택시,P0001,P0001-T0167,소비,P0001-카카오페이,efinance/전금-103-카카오페이.json#EP0001카00010;efinance/전금-004-카카오페이_머니.json#WP000100001,,calib:교통/택시
2026-03-30,19:53,지출,교육/학습,학원/강의,탄방동태권도학원,-46900,KRW,신한 Deep Dream 체크,,P0001,P0001-T0157,소비,P0001-CARD-01,card/카드-008-신한_Deep_Dream_체크_승인내역.json#AP0001000069;card/카드-014-신한_Deep_Dream_체크_매입정보.json#AP0001000069,,triangular:학원/강의
2026-03-30,15:59,이체,저축,예적금/청약,국민은행 KB 청년도약계좌,-12000,KRW,하나핀크 생활통장,,P0001,P0001-T0114,저축,P0001-BANK-MAIN->P0001-BANK-SAVE,bank/은행-004-하나핀크_생활통장_P0001-BANK-MAIN.json#BP000100048;bank/은행-004-국민은행_KB_청년도약계좌_P0001-BANK-SAVE.json#BP000100015,,savings:정기
2026-03-30,08:08,지출,교통,대중교통,대전교통공사,-2300,KRW,신한 Deep Dream 체크,,P0001,P0001-T0184,소비,P0001-CARD-01,card/카드-008-신한_Deep_Dream_체크_승인내역.json#AP0001000080;card/카드-014-신한_Deep_Dream_체크_매입정보.json#AP0001000080,,calib:교통/대중교통
2026-03-29,07:00,지출,교통,대중교통,갈마동 마을버스,-3700,KRW,신한 Deep Dream 체크,,P0001,P0001-T0187,소비,P0001-CARD-01,card/카드-008-신한_Deep_Dream_체크_승인내역.json#AP0001000082;card/카드-014-신한_Deep_Dream_체크_매입정보.json#AP0001000082,,calib:교통/대중교통
2026-03-28,21:18,지출,카페/간식,디저트/떡,노티드,-500,KRW,신한 Deep Dream 체크,,P0001,P0001-T0153,소비,P0001-CARD-01,card/카드-008-신한_Deep_Dream_체크_승인내역.json#AP0001000067;card/카드-014-신한_Deep_Dream_체크_매입정보.json#AP0001000067,,calib:요식/디저트
2026-03-28,19:07,지출,교통,대중교통,모바일티머니,-2100,KRW,신한 Deep Dream 체크,정기권 충전,P0001,P0001-T0199,소비,P0001-CARD-01,card/카드-008-신한_Deep_Dream_체크_승인내역.json#AP0001000089;card/카드-014-신한_Deep_Dream_체크_매입정보.json#AP0001000089,,calib:교통/대중교통
2026-03-28,10:08,이체,저축,예적금/청약,비상금 이체,-30000,KRW,하나핀크 생활통장,,P0001,P0001-T0115,저축,P0001-BANK-MAIN->P0001-BANK-SAVE,bank/은행-004-하나핀크_생활통장_P0001-BANK-MAIN.json#BP000100049;bank/은행-004-국민은행_KB_청년도약계좌_P0001-BANK-SAVE.json#BP000100016,,savings:비상금
2026-03-28,08:56,지출,교통,대중교통,티머니,-4100,KRW,토스 간편결제,,P0001,P0001-T0179,소비,P0001-토스페이,efinance/전금-103-토스페이.json#EP0001토00017,,calib:교통/대중교통
2026-03-28,07:35,지출,교통,대중교통,대전교통공사,-3600,KRW,하나핀크 생활통장,,P0001,P0001-T0194,소비,P0001-BANK-MAIN,bank/은행-004-하나핀크_생활통장_P0001-BANK-MAIN.json#BP000100068,,calib:교통/대중교통
2026-03-27,19:29,지출,카페/간식,커피/음료,요거프레소,-500,KRW,신한 Deep Dream 체크,,P0001,P0001-T0133,소비,P0001-CARD-01,card/카드-008-신한_Deep_Dream_체크_승인내역.json#AP0001000055;card/카드-014-신한_Deep_Dream_체크_매입정보.json#AP0001000055,,calib:요식/카페
2026-03-27,14:48,지출,생활,편의점,이마트24,-9400,KRW,신한 Deep Dream 체크,,P0001,P0001-T0215,소비,P0001-CARD-01,card/카드-008-신한_Deep_Dream_체크_승인내역.json#AP0001000096;card/카드-014-신한_Deep_Dream_체크_매입정보.json#AP0001000096,,calib:생활/편의점
2026-03-27,13:37,지출,문화/여가,도서,도마동북카페,-16000,KRW,카카오페이 간편결제,독서모임 선정도서,P0001,P0001-T0160,소비,P0001-카카오페이,efinance/전금-103-카카오페이.json#EP0001카00008,,triangular:도서
2026-03-26,20:59,수입,금융수입,캐시백,프렌즈 체크카드 캐시백,684,KRW,하나핀크 생활통장,,P0001,P0001-T0104,소득,P0001-BANK-MAIN,bank/은행-004-하나핀크_생활통장_P0001-BANK-MAIN.json#BP000100039,캐시백,income:캐시백
2026-03-26,20:47,지출,카페/간식,디저트/떡,도마동빙수,-500,KRW,신한 Deep Dream 체크,당충전,P0001,P0001-T0148,소비,P0001-CARD-01,card/카드-008-신한_Deep_Dream_체크_승인내역.json#AP0001000063;card/카드-014-신한_Deep_Dream_체크_매입정보.json#AP0001000063,,calib:요식/디저트
2026-03-26,18:50,수입,금융수입,캐시백,신한 Deep Dream 체크 포인트리워드,754,KRW,하나핀크 생활통장,,P0001,P0001-T0105,소득,P0001-BANK-MAIN,bank/은행-004-하나핀크_생활통장_P0001-BANK-MAIN.json#BP000100040,캐시백,income:캐시백
2026-03-26,18:32,지출,카페/간식,커피/음료,탄방동로스터리,-500,KRW,하나핀크 생활통장,,P0001,P0001-T0142,소비,P0001-BANK-MAIN,bank/은행-004-하나핀크_생활통장_P0001-BANK-MAIN.json#BP000100059,,calib:요식/카페
2026-03-26,16:03,지출,생활,편의점,GS25 도마동점,-7022,KRW,신한 Deep Dream 체크,,P0001,P0001-T0223,소비,P0001-CARD-01,card/카드-008-신한_Deep_Dream_체크_승인내역.json#AP0001000101;card/카드-014-신한_Deep_Dream_체크_매입정보.json#AP0001000101,,calib:생활/편의점
2026-03-26,08:30,지출,카페/간식,커피/음료,갈마동카페,-500,KRW,신한 Deep Dream 체크,,P0001,P0001-T0140,소비,P0001-CARD-01,card/카드-008-신한_Deep_Dream_체크_승인내역.json#AP0001000058;card/카드-014-신한_Deep_Dream_체크_매입정보.json#AP0001000058,,calib:요식/카페
2026-03-25,21:40,지출,교육/학습,학원/강의,갈마동미술학원,-83400,KRW,하나핀크 생활통장,자녀 교육비,P0001,P0001-T0156,소비,P0001-BANK-MAIN,bank/은행-004-하나핀크_생활통장_P0001-BANK-MAIN.json#BP000100062,,triangular:학원/강의
2026-03-25,19:54,지출,교통,대중교통,둔산동 마을버스,-4600,KRW,신한 Deep Dream 체크,,P0001,P0001-T0192,소비,P0001-CARD-01,card/카드-008-신한_Deep_Dream_체크_승인내역.json#AP0001000086;card/카드-014-신한_Deep_Dream_체크_매입정보.json#AP0001000086,,calib:교통/대중교통
2026-03-25,19:42,지출,식비,한식,월평동돈까스,-900,KRW,신한 Deep Dream 체크,,P0001,P0001-T0116,소비,P0001-CARD-01,card/카드-008-신한_Deep_Dream_체크_승인내역.json#AP0001000048;card/카드-014-신한_Deep_Dream_체크_매입정보.json#AP0001000048,,calib:요식/한식
2026-03-25,19:41,지출,생활,통신,월평동알뜰폰샵,-20000,KRW,하나핀크 생활통장,,P0001,P0001-T0108,소비,P0001-BANK-MAIN,bank/은행-004-하나핀크_생활통장_P0001-BANK-MAIN.json#BP000100043,,fixed:통신
2026-03-25,09:46,지출,주거,월세/관리비,탄방동 아파트 관리비,-230000,KRW,하나핀크 생활통장,,P0001,P0001-T0107,소비,P0001-BANK-MAIN,bank/은행-004-하나핀크_생활통장_P0001-BANK-MAIN.json#BP000100042,,fixed:월세관리비
2026-03-24,23:41,지출,교통,대중교통,레일플러스,-800,KRW,신한 Deep Dream 체크,,P0001,P0001-T0198,소비,P0001-CARD-01,card/카드-008-신한_Deep_Dream_체크_승인내역.json#AP0001000088;card/카드-014-신한_Deep_Dream_체크_매입정보.json#AP0001000088,,calib:교통/대중교통
2026-03-24,13:38,지출,생활,편의점,CU 탄방동점,-2300,KRW,네이버페이 간편결제,,P0001,P0001-T0222,소비,P0001-네이버페이,efinance/전금-103-네이버페이.json#EP0001네00016;efinance/전금-004-네이버페이_머니.json#WP000100007,,calib:생활/편의점
2026-03-24,13:17,지출,식비,한식,오봉집,-1500,KRW,신한 Deep Dream 체크,,P0001,P0001-T0124,소비,P0001-CARD-01,card/카드-008-신한_Deep_Dream_체크_승인내역.json#AP0001000051;card/카드-014-신한_Deep_Dream_체크_매입정보.json#AP0001000051,,calib:요식/한식
2026-03-24,07:42,지출,교통,대중교통,티머니,-4953,KRW,신한 Deep Dream 체크,,P0001,P0001-T0207,소비,P0001-CARD-01,card/카드-008-신한_Deep_Dream_체크_승인내역.json#AP0001000092;card/카드-014-신한_Deep_Dream_체크_매입정보.json#AP0001000092,,calib:교통/대중교통
2026-03-23,20:07,지출,온라인쇼핑,인터넷쇼핑,브랜디 배송,-75500,KRW,신한 Deep Dream 체크,,P0001,P0001-T0211,소비,P0001-CARD-01,card/카드-008-신한_Deep_Dream_체크_승인내역.json#AP0001000094;card/카드-014-신한_Deep_Dream_체크_매입정보.json#AP0001000094,,calib:온라인쇼핑/인터넷쇼핑
2026-03-23,08:46,이체,저축,예적금/청약,국민은행 KB 청년도약계좌,-12000,KRW,하나핀크 생활통장,,P0001,P0001-T0113,저축,P0001-BANK-MAIN->P0001-BANK-SAVE,bank/은행-004-하나핀크_생활통장_P0001-BANK-MAIN.json#BP000100047;bank/은행-004-국민은행_KB_청년도약계좌_P0001-BANK-SAVE.json#BP000100014,,savings:정기
2026-03-22,22:03,지출,교통,대중교통,둔산동 환승센터,-1900,KRW,신한 Deep Dream 체크,,P0001,P0001-T0188,소비,P0001-CARD-01,card/카드-008-신한_Deep_Dream_체크_승인내역.json#AP0001000083;card/카드-014-신한_Deep_Dream_체크_매입정보.json#AP0001000083,,calib:교통/대중교통
2026-03-22,20:48,지출,카페/간식,커피/음료,스타벅스,-500,KRW,하나핀크 생활통장,,P0001,P0001-T0126,소비,P0001-BANK-MAIN,bank/은행-004-하나핀크_생활통장_P0001-BANK-MAIN.json#BP000100051,,calib:요식/카페
2026-03-22,16:44,지출,생활,편의점,GS25 둔산동점,-6200,KRW,토스 간편결제,,P0001,P0001-T0217,소비,P0001-토스페이,efinance/전금-103-토스페이.json#EP0001토00021,,calib:생활/편의점
2026-03-21,23:13,지출,온라인쇼핑,인터넷쇼핑,현대Hmall,-32500,KRW,카카오페이 간편결제,,P0001,P0001-T0212,소비,P0001-카카오페이,efinance/전금-103-카카오페이.json#EP0001카00014;efinance/전금-004-카카오페이_머니.json#WP000100002,,calib:온라인쇼핑/인터넷쇼핑
2026-03-21,19:52,지출,식비,배달,땡겨요,-2700,KRW,신한 Deep Dream 체크,무료배달 쿠폰 써서,P0001,P0001-T0145,소비,P0001-CARD-01,card/카드-008-신한_Deep_Dream_체크_승인내역.json#AP0001000060;card/카드-014-신한_Deep_Dream_체크_매입정보.json#AP0001000060,,calib:요식/배달
2026-03-21,18:28,지출,교통,대중교통,모바일티머니,-4800,KRW,네이버페이 간편결제,,P0001,P0001-T0193,소비,P0001-네이버페이,efinance/전금-103-네이버페이.json#EP0001네00012,,calib:교통/대중교통
2026-03-21,08:26,지출,교통,택시,우티,-4700,KRW,토스 간편결제,짐이 많아서,P0001,P0001-T0172,소비,P0001-토스페이,efinance/전금-103-토스페이.json#EP0001토00013,,calib:교통/택시
2026-03-20,22:19,수입,금융수입,캐시백,신한 Deep Dream 체크 적립포인트,445,KRW,하나핀크 생활통장,,P0001,P0001-T0103,소득,P0001-BANK-MAIN,bank/은행-004-하나핀크_생활통장_P0001-BANK-MAIN.json#BP000100038,캐시백,income:캐시백
2026-03-20,19:32,지출,교통,대중교통,K-패스,-4100,KRW,카카오페이 간편결제,,P0001,P0001-T0197,소비,P0001-카카오페이,efinance/전금-103-카카오페이.json#EP0001카00013,,calib:교통/대중교통
2026-03-18,23:36,지출,교통,택시,마카롱택시,-5900,KRW,신한 Deep Dream 체크,컨디션 안 좋아서,P0001,P0001-T0169,소비,P0001-CARD-01,card/카드-008-신한_Deep_Dream_체크_승인내역.json#AP0001000075;card/카드-014-신한_Deep_Dream_체크_매입정보.json#AP0001000075,,calib:교통/택시
2026-03-18,21:42,지출,식비,한식,고봉민김밥인,-1200,KRW,네이버페이 간편결제,,P0001,P0001-T0122,소비,P0001-네이버페이,efinance/전금-103-네이버페이.json#EP0001네00007,,calib:요식/한식
2026-03-18,21:25,지출,온라인쇼핑,인터넷쇼핑,쿠팡 로켓프레시,-20800,KRW,네이버페이 간편결제,,P0001,P0001-T0208,소비,P0001-네이버페이,efinance/전금-103-네이버페이.json#EP0001네00014;efinance/전금-004-네이버페이_머니.json#WP000100006,,calib:온라인쇼핑/인터넷쇼핑
2026-03-18,13:56,수입,근로소득,알바비,㈜가온정보통신 용역비 지급,610000,KRW,하나핀크 생활통장,,P0001,P0001-T0102,소득,P0001-BANK-MAIN,bank/은행-004-하나핀크_생활통장_P0001-BANK-MAIN.json#BP000100037,알바비,income:알바비
2026-03-18,12:22,지출,온라인쇼핑,인터넷쇼핑,쿠팡 로켓프레시,-33400,KRW,네이버페이 간편결제,부모님 생신선물,P0001,P0001-T0213,소비,P0001-네이버페이,efinance/전금-103-네이버페이.json#EP0001네00015,,calib:온라인쇼핑/인터넷쇼핑
2026-03-18,08:42,지출,식비,한식,월평동돈까스,-1800,KRW,하나핀크 생활통장,,P0001,P0001-T0119,소비,P0001-BANK-MAIN,bank/은행-004-하나핀크_생활통장_P0001-BANK-MAIN.json#BP000100050,,calib:요식/한식
2026-03-18,07:19,지출,교통,대중교통,관저동 마을버스,-5400,KRW,신한 Deep Dream 체크,,P0001,P0001-T0182,소비,P0001-CARD-01,card/카드-008-신한_Deep_Dream_체크_승인내역.json#AP0001000078;card/카드-014-신한_Deep_Dream_체크_매입정보.json#AP0001000078,,calib:교통/대중교통
2026-03-17,08:01,지출,식비,한식,이바돔감자탕,-900,KRW,카카오페이 간편결제,,P0001,P0001-T0121,소비,P0001-카카오페이,efinance/전금-103-카카오페이.json#EP0001카00006,,calib:요식/한식
2026-03-16,22:53,지출,온라인쇼핑,인터넷쇼핑,핀다스토어,-18800,KRW,신한 Deep Dream 체크,장바구니 정리하다가,P0001,P0001-T0210,소비,P0001-CARD-01,card/카드-008-신한_Deep_Dream_체크_승인내역.json#AP0001000093;card/카드-014-신한_Deep_Dream_체크_매입정보.json#AP0001000093,,calib:온라인쇼핑/인터넷쇼핑
2026-03-16,21:43,지출,식비,한식,둔산동국밥,-1400,KRW,신한 Deep Dream 체크,,P0001,P0001-T0118,소비,P0001-CARD-01,card/카드-008-신한_Deep_Dream_체크_승인내역.json#AP0001000049;card/카드-014-신한_Deep_Dream_체크_매입정보.json#AP0001000049,,calib:요식/한식
2026-03-16,13:46,지출,카페/간식,커피/음료,할리스,-500,KRW,하나핀크 생활통장,,P0001,P0001-T0127,소비,P0001-BANK-MAIN,bank/은행-004-하나핀크_생활통장_P0001-BANK-MAIN.json#BP000100052,,calib:요식/카페
2026-03-16,09:22,이체,저축,예적금/청약,국민은행 KB 청년도약계좌,-12000,KRW,하나핀크 생활통장,,P0001,P0001-T0112,저축,P0001-BANK-MAIN->P0001-BANK-SAVE,bank/은행-004-하나핀크_생활통장_P0001-BANK-MAIN.json#BP000100046;bank/은행-004-국민은행_KB_청년도약계좌_P0001-BANK-SAVE.json#BP000100013,,savings:정기
2026-03-16,08:32,지출,교통,대중교통,티머니,-1000,KRW,네이버페이 간편결제,,P0001,P0001-T0202,소비,P0001-네이버페이,efinance/전금-103-네이버페이.json#EP0001네00013;efinance/전금-004-네이버페이_머니.json#WP000100005,,calib:교통/대중교통
2026-03-15,08:07,지출,교통,대중교통,알뜰교통카드,-1700,KRW,하나핀크 생활통장,,P0001,P0001-T0206,소비,P0001-BANK-MAIN,bank/은행-004-하나핀크_생활통장_P0001-BANK-MAIN.json#BP000100071,,calib:교통/대중교통
2026-03-15,07:56,지출,교통,대중교통,월평동 마을버스,-1000,KRW,네이버페이 간편결제,,P0001,P0001-T0186,소비,P0001-네이버페이,efinance/전금-103-네이버페이.json#EP0001네00011,,calib:교통/대중교통
2026-03-14,23:19,지출,교통,대중교통,레일플러스,-4700,KRW,토스 간편결제,,P0001,P0001-T0175,소비,P0001-토스페이,efinance/전금-103-토스페이.json#EP0001토00015,,calib:교통/대중교통
2026-03-14,12:05,지출,카페/간식,커피/음료,가수원동로스터리,-500,KRW,하나핀크 생활통장,아침 모닝커피,P0001,P0001-T0138,소비,P0001-BANK-MAIN,bank/은행-004-하나핀크_생활통장_P0001-BANK-MAIN.json#BP000100058,,calib:요식/카페
2026-03-14,09:04,지출,카페/간식,커피/음료,월평동카페,-500,KRW,하나핀크 생활통장,사이렌오더로 미리 주문,P0001,P0001-T0128,소비,P0001-BANK-MAIN,bank/은행-004-하나핀크_생활통장_P0001-BANK-MAIN.json#BP000100053,,calib:요식/카페
2026-03-14,08:35,지출,교통,택시,정림동개인택시,-2500,KRW,신한 Deep Dream 체크,,P0001,P0001-T0166,소비,P0001-CARD-01,card/카드-008-신한_Deep_Dream_체크_승인내역.json#AP0001000073;card/카드-014-신한_Deep_Dream_체크_매입정보.json#AP0001000073,,calib:교통/택시
2026-03-14,08:29,지출,카페/간식,커피/음료,둔산동카페,-700,KRW,신한 Deep Dream 체크,,P0001,P0001-T0143,소비,P0001-CARD-01,card/카드-008-신한_Deep_Dream_체크_승인내역.json#AP0001000059;card/카드-014-신한_Deep_Dream_체크_매입정보.json#AP0001000059,,calib:요식/카페
2026-03-14,07:38,지출,교통,대중교통,둔산동 환승센터,-2200,KRW,신한 Deep Dream 체크,,P0001,P0001-T0180,소비,P0001-CARD-01,card/카드-008-신한_Deep_Dream_체크_승인내역.json#AP0001000077;card/카드-014-신한_Deep_Dream_체크_매입정보.json#AP0001000077,,calib:교통/대중교통
2026-03-13,22:07,지출,온라인쇼핑,인터넷쇼핑,룩핀,-64200,KRW,토스 간편결제,,P0001,P0001-T0209,소비,P0001-토스페이,efinance/전금-103-토스페이.json#EP0001토00019,,calib:온라인쇼핑/인터넷쇼핑
2026-03-13,19:26,지출,교통,대중교통,기후동행카드,-3800,KRW,토스 간편결제,,P0001,P0001-T0174,소비,P0001-토스페이,efinance/전금-103-토스페이.json#EP0001토00014,,calib:교통/대중교통
2026-03-13,15:20,지출,생활,편의점,CU 둔산동점,-7600,KRW,신한 Deep Dream 체크,,P0001,P0001-T0221,소비,P0001-CARD-01,card/카드-008-신한_Deep_Dream_체크_승인내역.json#AP0001000100;card/카드-014-신한_Deep_Dream_체크_매입정보.json#AP0001000100,,calib:생활/편의점
2026-03-13,14:13,지출,생활,서비스구독,멜론,-4900,KRW,신한 Deep Dream 체크,,P0001,P0001-T0109,소비,P0001-CARD-01,card/카드-008-신한_Deep_Dream_체크_승인내역.json#AP0001000047;card/카드-014-신한_Deep_Dream_체크_매입정보.json#AP0001000047,,fixed:구독
2026-03-13,11:20,지출,식비,한식,고봉민김밥인,-1300,KRW,카카오페이 간편결제,,P0001,P0001-T0117,소비,P0001-카카오페이,efinance/전금-103-카카오페이.json#EP0001카00005,,calib:요식/한식
2026-03-13,07:31,지출,교통,택시,월평동개인택시,-2400,KRW,신한 Deep Dream 체크,공항 이동,P0001,P0001-T0168,소비,P0001-CARD-01,card/카드-008-신한_Deep_Dream_체크_승인내역.json#AP0001000074;card/카드-014-신한_Deep_Dream_체크_매입정보.json#AP0001000074,,calib:교통/택시
2026-03-13,07:06,지출,교통,대중교통,월평동 마을버스,-5600,KRW,하나핀크 생활통장,,P0001,P0001-T0200,소비,P0001-BANK-MAIN,bank/은행-004-하나핀크_생활통장_P0001-BANK-MAIN.json#BP000100069,,calib:교통/대중교통
2026-03-12,19:06,지출,카페/간식,커피/음료,월평동로스터리,-700,KRW,토스 간편결제,친구 만나서,P0001,P0001-T0131,소비,P0001-토스페이,efinance/전금-103-토스페이.json#EP0001토00010,,calib:요식/카페
2026-03-12,12:19,지출,카페/간식,디저트/떡,몽슈슈,-500,KRW,신한 Deep Dream 체크,,P0001,P0001-T0152,소비,P0001-CARD-01,card/카드-008-신한_Deep_Dream_체크_승인내역.json#AP0001000066;card/카드-014-신한_Deep_Dream_체크_매입정보.json#AP0001000066,,calib:요식/디저트
2026-03-11,22:22,지출,교통,대중교통,레일플러스,-2400,KRW,네이버페이 간편결제,,P0001,P0001-T0178,소비,P0001-네이버페이,efinance/전금-103-네이버페이.json#EP0001네00010,,calib:교통/대중교통
2026-03-11,20:14,지출,카페/간식,커피/음료,월평동로스터리,-500,KRW,토스 간편결제,점심 후 커피,P0001,P0001-T0141,소비,P0001-토스페이,efinance/전금-103-토스페이.json#EP0001토00011,,calib:요식/카페
2026-03-11,20:04,지출,카페/간식,커피/음료,메가MGC커피,-500,KRW,신한 Deep Dream 체크,,P0001,P0001-T0129,소비,P0001-CARD-01,card/카드-008-신한_Deep_Dream_체크_승인내역.json#AP0001000053;card/카드-014-신한_Deep_Dream_체크_매입정보.json#AP0001000053,,calib:요식/카페
2026-03-11,13:08,지출,생활,편의점,GS25 가수원동점,-13000,KRW,신한 Deep Dream 체크,,P0001,P0001-T0219,소비,P0001-CARD-01,card/카드-008-신한_Deep_Dream_체크_승인내역.json#AP0001000098;card/카드-014-신한_Deep_Dream_체크_매입정보.json#AP0001000098,,calib:생활/편의점
2026-03-11,08:53,지출,교통,대중교통,기후동행카드,-1800,KRW,네이버페이 간편결제,,P0001,P0001-T0176,소비,P0001-네이버페이,efinance/전금-103-네이버페이.json#EP0001네00009;efinance/전금-004-네이버페이_머니.json#WP000100004,,calib:교통/대중교통
2026-03-11,08:20,지출,교통,대중교통,이지패스,-5200,KRW,신한 Deep Dream 체크,,P0001,P0001-T0183,소비,P0001-CARD-01,card/카드-008-신한_Deep_Dream_체크_승인내역.json#AP0001000079;card/카드-014-신한_Deep_Dream_체크_매입정보.json#AP0001000079,,calib:교통/대중교통
2026-03-10,23:58,지출,교통,대중교통,기후동행카드,-4000,KRW,신한 Deep Dream 체크,,P0001,P0001-T0185,소비,P0001-CARD-01,card/카드-008-신한_Deep_Dream_체크_승인내역.json#AP0001000081;card/카드-014-신한_Deep_Dream_체크_매입정보.json#AP0001000081,,calib:교통/대중교통
2026-03-10,20:52,지출,카페/간식,커피/음료,가수원동로스터리,-500,KRW,신한 Deep Dream 체크,,P0001,P0001-T0139,소비,P0001-CARD-01,card/카드-008-신한_Deep_Dream_체크_승인내역.json#AP0001000057;card/카드-014-신한_Deep_Dream_체크_매입정보.json#AP0001000057,,calib:요식/카페
2026-03-10,13:23,지출,카페/간식,디저트/떡,월평동타르트,-500,KRW,신한 Deep Dream 체크,,P0001,P0001-T0150,소비,P0001-CARD-01,card/카드-008-신한_Deep_Dream_체크_승인내역.json#AP0001000065;card/카드-014-신한_Deep_Dream_체크_매입정보.json#AP0001000065,,calib:요식/디저트
2026-03-10,12:52,지출,온라인쇼핑,인터넷쇼핑,위메프,-98409,KRW,신한 Deep Dream 체크,장바구니 정리하다가,P0001,P0001-T0214,소비,P0001-CARD-01,card/카드-008-신한_Deep_Dream_체크_승인내역.json#AP0001000095;card/카드-014-신한_Deep_Dream_체크_매입정보.json#AP0001000095,,calib:온라인쇼핑/인터넷쇼핑
2026-03-10,09:17,지출,문화/여가,도서,알라딘,-15500,KRW,하나핀크 생활통장,독서모임 선정도서,P0001,P0001-T0164,소비,P0001-BANK-MAIN,bank/은행-004-하나핀크_생활통장_P0001-BANK-MAIN.json#BP000100064,,triangular:도서
2026-03-10,07:11,지출,교통,대중교통,캐시비,-900,KRW,신한 Deep Dream 체크,,P0001,P0001-T0190,소비,P0001-CARD-01,card/카드-008-신한_Deep_Dream_체크_승인내역.json#AP0001000085;card/카드-014-신한_Deep_Dream_체크_매입정보.json#AP0001000085,,calib:교통/대중교통
2026-03-09,21:06,지출,생활,편의점,GS25 탄방동점,-14000,KRW,신한 Deep Dream 체크,,P0001,P0001-T0218,소비,P0001-CARD-01,card/카드-008-신한_Deep_Dream_체크_승인내역.json#AP0001000097;card/카드-014-신한_Deep_Dream_체크_매입정보.json#AP0001000097,,calib:생활/편의점
2026-03-09,18:20,이체,저축,예적금/청약,국민은행 KB 청년도약계좌,-12000,KRW,하나핀크 생활통장,,P0001,P0001-T0111,저축,P0001-BANK-MAIN->P0001-BANK-SAVE,bank/은행-004-하나핀크_생활통장_P0001-BANK-MAIN.json#BP000100045;bank/은행-004-국민은행_KB_청년도약계좌_P0001-BANK-SAVE.json#BP000100012,,savings:정기
2026-03-09,18:17,지출,식비,한식,도마동냉면,-1600,KRW,신한 Deep Dream 체크,,P0001,P0001-T0120,소비,P0001-CARD-01,card/카드-008-신한_Deep_Dream_체크_승인내역.json#AP0001000050;card/카드-014-신한_Deep_Dream_체크_매입정보.json#AP0001000050,,calib:요식/한식
2026-03-08,19:10,지출,카페/간식,디저트/떡,설빙,-500,KRW,신한 Deep Dream 체크,조카 선물,P0001,P0001-T0154,소비,P0001-CARD-01,card/카드-008-신한_Deep_Dream_체크_승인내역.json#AP0001000068;card/카드-014-신한_Deep_Dream_체크_매입정보.json#AP0001000068,,calib:요식/디저트
2026-03-07,23:58,지출,교통,대중교통,둔산동 환승센터,-3100,KRW,토스 간편결제,,P0001,P0001-T0201,소비,P0001-토스페이,efinance/전금-103-토스페이.json#EP0001토00018,,calib:교통/대중교통
2026-03-07,22:57,지출,교통,택시,아이엠택시,-6700,KRW,하나핀크 생활통장,,P0001,P0001-T0170,소비,P0001-BANK-MAIN,bank/은행-004-하나핀크_생활통장_P0001-BANK-MAIN.json#BP000100065,,calib:교통/택시
2026-03-07,19:15,지출,교통,택시,카카오T 택시,-2600,KRW,카카오페이 간편결제,컨디션 안 좋아서,P0001,P0001-T0171,소비,P0001-카카오페이,efinance/전금-103-카카오페이.json#EP0001카00011,,calib:교통/택시
2026-03-07,18:14,지출,카페/간식,커피/음료,도마동카페,-500,KRW,신한 Deep Dream 체크,,P0001,P0001-T0130,소비,P0001-CARD-01,card/카드-008-신한_Deep_Dream_체크_승인내역.json#AP0001000054;card/카드-014-신한_Deep_Dream_체크_매입정보.json#AP0001000054,,calib:요식/카페
2026-03-06,21:18,지출,카페/간식,커피/음료,갈마동카페,-500,KRW,하나핀크 생활통장,,P0001,P0001-T0144,소비,P0001-BANK-MAIN,bank/은행-004-하나핀크_생활통장_P0001-BANK-MAIN.json#BP000100060,,calib:요식/카페
2026-03-06,19:03,지출,교육/학습,학원/강의,패스트캠퍼스,-87800,KRW,카카오페이 간편결제,,P0001,P0001-T0165,소비,P0001-카카오페이,efinance/전금-103-카카오페이.json#EP0001카00009,,triangular:학원/강의
2026-03-06,18:04,지출,교통,대중교통,갈마동 마을버스,-3500,KRW,신한 Deep Dream 체크,,P0001,P0001-T0203,소비,P0001-CARD-01,card/카드-008-신한_Deep_Dream_체크_승인내역.json#AP0001000090;card/카드-014-신한_Deep_Dream_체크_매입정보.json#AP0001000090,,calib:교통/대중교통
2026-03-06,11:19,지출,생활,편의점,GS25 관저동점,-12900,KRW,토스 간편결제,,P0001,P0001-T0216,소비,P0001-토스페이,efinance/전금-103-토스페이.json#EP0001토00020,,calib:생활/편의점
2026-03-06,07:09,지출,교통,대중교통,캐시비,-5500,KRW,신한 Deep Dream 체크,,P0001,P0001-T0189,소비,P0001-CARD-01,card/카드-008-신한_Deep_Dream_체크_승인내역.json#AP0001000084;card/카드-014-신한_Deep_Dream_체크_매입정보.json#AP0001000084,,calib:교통/대중교통
2026-03-05,21:51,지출,교육/학습,학원/강의,스피킹맥스,-23600,KRW,하나핀크 생활통장,,P0001,P0001-T0162,소비,P0001-BANK-MAIN,bank/은행-004-하나핀크_생활통장_P0001-BANK-MAIN.json#BP000100063,,triangular:학원/강의
2026-03-05,20:19,지출,카페/간식,커피/음료,탄방동로스터리,-500,KRW,하나핀크 생활통장,점심 후 커피,P0001,P0001-T0136,소비,P0001-BANK-MAIN,bank/은행-004-하나핀크_생활통장_P0001-BANK-MAIN.json#BP000100057,,calib:요식/카페
2026-03-05,18:33,지출,교통,대중교통,갈마동 마을버스,-1700,KRW,토스 간편결제,,P0001,P0001-T0177,소비,P0001-토스페이,efinance/전금-103-토스페이.json#EP0001토00016,,calib:교통/대중교통
2026-03-05,16:03,지출,문화/여가,도서,갈마동북카페,-23600,KRW,네이버페이 간편결제,,P0001,P0001-T0158,소비,P0001-네이버페이,efinance/전금-103-네이버페이.json#EP0001네00008,,triangular:도서
2026-03-05,11:34,수입,기타수입,용돈,보호자 용돈이체,500000,KRW,하나핀크 생활통장,공모전 상금,P0001,P0001-T0101,소득,P0001-BANK-MAIN,bank/은행-004-하나핀크_생활통장_P0001-BANK-MAIN.json#BP000100036,용돈,income:용돈
2026-03-04,23:40,지출,교통,대중교통,정림동 마을버스,-4600,KRW,하나핀크 생활통장,,P0001,P0001-T0181,소비,P0001-BANK-MAIN,bank/은행-004-하나핀크_생활통장_P0001-BANK-MAIN.json#BP000100066,,calib:교통/대중교통
2026-03-04,18:32,지출,교통,대중교통,K-패스,-2800,KRW,신한 Deep Dream 체크,,P0001,P0001-T0195,소비,P0001-CARD-01,card/카드-008-신한_Deep_Dream_체크_승인내역.json#AP0001000087;card/카드-014-신한_Deep_Dream_체크_매입정보.json#AP0001000087,,calib:교통/대중교통
2026-03-04,18:08,지출,교통,대중교통,원패스,-3200,KRW,카카오페이 간편결제,,P0001,P0001-T0196,소비,P0001-카카오페이,efinance/전금-103-카카오페이.json#EP0001카00012,,calib:교통/대중교통
2026-03-04,13:58,지출,카페/간식,디저트/떡,노티드,-500,KRW,신한 Deep Dream 체크,조카 선물,P0001,P0001-T0149,소비,P0001-CARD-01,card/카드-008-신한_Deep_Dream_체크_승인내역.json#AP0001000064;card/카드-014-신한_Deep_Dream_체크_매입정보.json#AP0001000064,,calib:요식/디저트
2026-03-04,09:37,지출,교통,대중교통,둔산동 마을버스,-3700,KRW,하나핀크 생활통장,정기권 충전,P0001,P0001-T0191,소비,P0001-BANK-MAIN,bank/은행-004-하나핀크_생활통장_P0001-BANK-MAIN.json#BP000100067,,calib:교통/대중교통
2026-03-03,20:38,지출,문화/여가,도서,월평동북카페,-37800,KRW,신한 Deep Dream 체크,전자책 세일해서,P0001,P0001-T0163,소비,P0001-CARD-01,card/카드-008-신한_Deep_Dream_체크_승인내역.json#AP0001000072;card/카드-014-신한_Deep_Dream_체크_매입정보.json#AP0001000072,,triangular:도서
2026-03-03,20:08,지출,카페/간식,커피/음료,탄방동로스터리,-600,KRW,하나핀크 생활통장,,P0001,P0001-T0134,소비,P0001-BANK-MAIN,bank/은행-004-하나핀크_생활통장_P0001-BANK-MAIN.json#BP000100055,,calib:요식/카페
2026-03-03,18:30,지출,카페/간식,커피/음료,공차,-500,KRW,하나핀크 생활통장,당 떨어져서,P0001,P0001-T0135,소비,P0001-BANK-MAIN,bank/은행-004-하나핀크_생활통장_P0001-BANK-MAIN.json#BP000100056,,calib:요식/카페
2026-03-03,13:08,지출,뷰티/미용,화장품,토니모리,-36500,KRW,신한 Deep Dream 체크,,P0001,P0001-T0161,소비,P0001-CARD-01,card/카드-008-신한_Deep_Dream_체크_승인내역.json#AP0001000071;card/카드-014-신한_Deep_Dream_체크_매입정보.json#AP0001000071,,triangular:화장품
2026-03-03,09:55,지출,카페/간식,디저트/떡,월평동타르트,-500,KRW,신한 Deep Dream 체크,,P0001,P0001-T0147,소비,P0001-CARD-01,card/카드-008-신한_Deep_Dream_체크_승인내역.json#AP0001000062;card/카드-014-신한_Deep_Dream_체크_매입정보.json#AP0001000062,,calib:요식/디저트
2026-03-02,21:30,지출,식비,한식,역전할머니맥주,-834,KRW,신한 Deep Dream 체크,친구랑 오랜만에,P0001,P0001-T0125,소비,P0001-CARD-01,card/카드-008-신한_Deep_Dream_체크_승인내역.json#AP0001000052;card/카드-014-신한_Deep_Dream_체크_매입정보.json#AP0001000052,,calib:요식/한식
2026-03-02,17:39,이체,저축,예적금/청약,국민은행 KB 청년도약계좌,-12000,KRW,하나핀크 생활통장,,P0001,P0001-T0110,저축,P0001-BANK-MAIN->P0001-BANK-SAVE,bank/은행-004-하나핀크_생활통장_P0001-BANK-MAIN.json#BP000100044;bank/은행-004-국민은행_KB_청년도약계좌_P0001-BANK-SAVE.json#BP000100011,,savings:정기
2026-03-02,10:21,지출,교육/학습,학원/강의,탄방동태권도학원,-94900,KRW,신한 Deep Dream 체크,,P0001,P0001-T0159,소비,P0001-CARD-01,card/카드-008-신한_Deep_Dream_체크_승인내역.json#AP0001000070;card/카드-014-신한_Deep_Dream_체크_매입정보.json#AP0001000070,,triangular:학원/강의
2026-03-01,23:31,수입,금융수입,캐시백,어피치 스윗 체크카드 적립포인트,780,KRW,하나핀크 생활통장,,P0001,P0001-T0106,소득,P0001-BANK-MAIN,bank/은행-004-하나핀크_생활통장_P0001-BANK-MAIN.json#BP000100041,캐시백,income:캐시백
2026-03-01,22:54,지출,교통,대중교통,캐시비,-3300,KRW,신한 Deep Dream 체크,,P0001,P0001-T0205,소비,P0001-CARD-01,card/카드-008-신한_Deep_Dream_체크_승인내역.json#AP0001000091;card/카드-014-신한_Deep_Dream_체크_매입정보.json#AP0001000091,,calib:교통/대중교통
2026-03-01,22:36,지출,교통,대중교통,원패스,-900,KRW,하나핀크 생활통장,주말 나들이,P0001,P0001-T0204,소비,P0001-BANK-MAIN,bank/은행-004-하나핀크_생활통장_P0001-BANK-MAIN.json#BP000100070,,calib:교통/대중교통
2026-03-01,21:45,지출,뷰티/미용,화장품,더페이스샵,-46200,KRW,토스 간편결제,,P0001,P0001-T0155,소비,P0001-토스페이,efinance/전금-103-토스페이.json#EP0001토00012,,triangular:화장품
2026-03-01,20:54,지출,식비,배달,둔산동만두배달,-1081,KRW,신한 Deep Dream 체크,,P0001,P0001-T0146,소비,P0001-CARD-01,card/카드-008-신한_Deep_Dream_체크_승인내역.json#AP0001000061;card/카드-014-신한_Deep_Dream_체크_매입정보.json#AP0001000061,,calib:요식/배달
2026-03-01,20:13,지출,카페/간식,디저트/떡,갈마동케이크전문점,-500,KRW,하나핀크 생활통장,,P0001,P0001-T0151,소비,P0001-BANK-MAIN,bank/은행-004-하나핀크_생활통장_P0001-BANK-MAIN.json#BP000100061,,calib:요식/디저트
2026-03-01,19:23,지출,카페/간식,커피/음료,도마동로스터리,-700,KRW,하나핀크 생활통장,,P0001,P0001-T0132,소비,P0001-BANK-MAIN,bank/은행-004-하나핀크_생활통장_P0001-BANK-MAIN.json#BP000100054,,calib:요식/카페
2026-03-01,16:36,지출,생활,편의점,CU 가수원동점,-7100,KRW,신한 Deep Dream 체크,,P0001,P0001-T0220,소비,P0001-CARD-01,card/카드-008-신한_Deep_Dream_체크_승인내역.json#AP0001000099;card/카드-014-신한_Deep_Dream_체크_매입정보.json#AP0001000099,,calib:생활/편의점
2026-03-01,11:29,지출,카페/간식,커피/음료,탄방동카페,-500,KRW,신한 Deep Dream 체크,,P0001,P0001-T0137,소비,P0001-CARD-01,card/카드-008-신한_Deep_Dream_체크_승인내역.json#AP0001000056;card/카드-014-신한_Deep_Dream_체크_매입정보.json#AP0001000056,,calib:요식/카페
2026-02-28,23:45,지출,패션/쇼핑,패션,커버낫,-52400,KRW,신한 Deep Dream 체크,,P0001,P0001-T0077,소비,P0001-CARD-01,card/카드-008-신한_Deep_Dream_체크_승인내역.json#AP0001000033;card/카드-014-신한_Deep_Dream_체크_매입정보.json#AP0001000033,,triangular:패션
2026-02-28,18:25,지출,교육/학습,학원/강의,해커스,-36200,KRW,토스 간편결제,자녀 교육비,P0001,P0001-T0080,소비,P0001-토스페이,efinance/전금-103-토스페이.json#EP0001토00006,,triangular:학원/강의
2026-02-28,13:47,이체,저축,예적금/청약,비상금 이체,-30000,KRW,하나핀크 생활통장,자동이체 저축,P0001,P0001-T0075,저축,P0001-BANK-MAIN->P0001-BANK-SAVE,bank/은행-004-하나핀크_생활통장_P0001-BANK-MAIN.json#BP000100033;bank/은행-004-국민은행_KB_청년도약계좌_P0001-BANK-SAVE.json#BP000100010,,savings:비상금
2026-02-27,17:13,수입,금융수입,캐시백,토스뱅크 체크카드 포인트리워드,185,KRW,하나핀크 생활통장,,P0001,P0001-T0065,소득,P0001-BANK-MAIN,bank/은행-004-하나핀크_생활통장_P0001-BANK-MAIN.json#BP000100024,캐시백,income:캐시백
2026-02-26,14:13,지출,문화/여가,도서,가수원동북카페,-22500,KRW,신한 Deep Dream 체크,,P0001,P0001-T0084,소비,P0001-CARD-01,card/카드-008-신한_Deep_Dream_체크_승인내역.json#AP0001000036;card/카드-014-신한_Deep_Dream_체크_매입정보.json#AP0001000036,,triangular:도서
2026-02-25,19:19,지출,패션/쇼핑,패션,자라,-31400,KRW,토스 간편결제,,P0001,P0001-T0079,소비,P0001-토스페이,efinance/전금-103-토스페이.json#EP0001토00005,,triangular:패션
2026-02-25,11:06,지출,생활,통신,월평동알뜰폰샵,-20000,KRW,하나핀크 생활통장,,P0001,P0001-T0069,소비,P0001-BANK-MAIN,bank/은행-004-하나핀크_생활통장_P0001-BANK-MAIN.json#BP000100028,,fixed:통신
2026-02-25,09:42,지출,주거,월세/관리비,탄방동 아파트 관리비,-230000,KRW,하나핀크 생활통장,,P0001,P0001-T0068,소비,P0001-BANK-MAIN,bank/은행-004-하나핀크_생활통장_P0001-BANK-MAIN.json#BP000100027,,fixed:월세관리비
2026-02-23,22:34,지출,생활,편의점,세븐일레븐,-3000,KRW,네이버페이 간편결제,현금 인출 대신 결제,P0001,P0001-T0095,소비,P0001-네이버페이,efinance/전금-103-네이버페이.json#EP0001네00005;efinance/전금-004-네이버페이_머니.json#WP000100003,,calib:생활/편의점
2026-02-23,16:19,이체,저축,예적금/청약,국민은행 KB 청년도약계좌,-15000,KRW,하나핀크 생활통장,,P0001,P0001-T0074,저축,P0001-BANK-MAIN->P0001-BANK-SAVE,bank/은행-004-하나핀크_생활통장_P0001-BANK-MAIN.json#BP000100032;bank/은행-004-국민은행_KB_청년도약계좌_P0001-BANK-SAVE.json#BP000100009,,savings:정기
2026-02-21,10:32,지출,생활,편의점,GS25 도마동점,-3300,KRW,신한 Deep Dream 체크,,P0001,P0001-T0092,소비,P0001-CARD-01,card/카드-008-신한_Deep_Dream_체크_승인내역.json#AP0001000042;card/카드-014-신한_Deep_Dream_체크_매입정보.json#AP0001000042,,calib:생활/편의점
2026-02-20,13:27,지출,생활,편의점,CU,-1300,KRW,신한 Deep Dream 체크,숙취해소용,P0001,P0001-T0093,소비,P0001-CARD-01,card/카드-008-신한_Deep_Dream_체크_승인내역.json#AP0001000043;card/카드-014-신한_Deep_Dream_체크_매입정보.json#AP0001000043,,calib:생활/편의점
2026-02-19,22:37,지출,생활,편의점,CU 갈마동점,-1900,KRW,네이버페이 간편결제,,P0001,P0001-T0097,소비,P0001-네이버페이,efinance/전금-103-네이버페이.json#EP0001네00006,,calib:생활/편의점
2026-02-19,18:26,지출,생활,편의점,CU 탄방동점,-2900,KRW,신한 Deep Dream 체크,,P0001,P0001-T0098,소비,P0001-CARD-01,card/카드-008-신한_Deep_Dream_체크_승인내역.json#AP0001000045;card/카드-014-신한_Deep_Dream_체크_매입정보.json#AP0001000045,,calib:생활/편의점
2026-02-18,19:46,지출,생활,편의점,GS25 도마동점,-3900,KRW,토스 간편결제,공과금 납부,P0001,P0001-T0090,소비,P0001-토스페이,efinance/전금-103-토스페이.json#EP0001토00007,,calib:생활/편의점
2026-02-18,16:40,수입,근로소득,알바비,㈜한빛물류 용역비 지급,700000,KRW,하나핀크 생활통장,,P0001,P0001-T0064,소득,P0001-BANK-MAIN,bank/은행-004-하나핀크_생활통장_P0001-BANK-MAIN.json#BP000100023,알바비,income:알바비
2026-02-16,20:06,이체,저축,예적금/청약,국민은행 KB 청년도약계좌,-15000,KRW,하나핀크 생활통장,,P0001,P0001-T0073,저축,P0001-BANK-MAIN->P0001-BANK-SAVE,bank/은행-004-하나핀크_생활통장_P0001-BANK-MAIN.json#BP000100031;bank/은행-004-국민은행_KB_청년도약계좌_P0001-BANK-SAVE.json#BP000100008,,savings:정기
2026-02-16,13:20,수입,금융수입,캐시백,생활요금 자동이체 캐시백,627,KRW,하나핀크 생활통장,,P0001,P0001-T0066,소득,P0001-BANK-MAIN,bank/은행-004-하나핀크_생활통장_P0001-BANK-MAIN.json#BP000100025,캐시백,income:캐시백
2026-02-16,09:54,지출,교통,택시,카카오T 택시,-18900,KRW,하나핀크 생활통장,,P0001,P0001-T0087,소비,P0001-BANK-MAIN,bank/은행-004-하나핀크_생활통장_P0001-BANK-MAIN.json#BP000100035,,calib:교통/택시
2026-02-15,16:07,지출,생활,편의점,GS25 가수원동점,-2450,KRW,신한 Deep Dream 체크,,P0001,P0001-T0100,소비,P0001-CARD-01,card/카드-008-신한_Deep_Dream_체크_승인내역.json#AP0001000046;card/카드-014-신한_Deep_Dream_체크_매입정보.json#AP0001000046,,calib:생활/편의점
2026-02-14,22:35,지출,교육/학습,학원/강의,챗GPT 플러스,-84100,KRW,카카오페이 간편결제,,P0001,P0001-T0082,소비,P0001-카카오페이,efinance/전금-103-카카오페이.json#EP0001카00004,,triangular:학원/강의
2026-02-13,23:04,지출,생활,편의점,GS25 월평동점,-1000,KRW,토스 간편결제,,P0001,P0001-T0096,소비,P0001-토스페이,efinance/전금-103-토스페이.json#EP0001토00008,,calib:생활/편의점
2026-02-13,15:01,지출,생활,편의점,GS25 정림동점,-1800,KRW,신한 Deep Dream 체크,,P0001,P0001-T0094,소비,P0001-CARD-01,card/카드-008-신한_Deep_Dream_체크_승인내역.json#AP0001000044;card/카드-014-신한_Deep_Dream_체크_매입정보.json#AP0001000044,,calib:생활/편의점
2026-02-13,11:44,지출,생활,서비스구독,멜론,-4900,KRW,신한 Deep Dream 체크,친구랑 반반 나눠 결제,P0001,P0001-T0070,소비,P0001-CARD-01,card/카드-008-신한_Deep_Dream_체크_승인내역.json#AP0001000032;card/카드-014-신한_Deep_Dream_체크_매입정보.json#AP0001000032,,fixed:구독
2026-02-12,19:27,지출,문화/여가,도서,월평동북카페,-9100,KRW,신한 Deep Dream 체크,,P0001,P0001-T0085,소비,P0001-CARD-01,card/카드-008-신한_Deep_Dream_체크_승인내역.json#AP0001000037;card/카드-014-신한_Deep_Dream_체크_매입정보.json#AP0001000037,,triangular:도서
2026-02-12,11:02,지출,문화/여가,도서,영풍문고,-23100,KRW,신한 Deep Dream 체크,,P0001,P0001-T0081,소비,P0001-CARD-01,card/카드-008-신한_Deep_Dream_체크_승인내역.json#AP0001000035;card/카드-014-신한_Deep_Dream_체크_매입정보.json#AP0001000035,,triangular:도서
2026-02-09,16:48,이체,저축,예적금/청약,국민은행 KB 청년도약계좌,-15000,KRW,하나핀크 생활통장,,P0001,P0001-T0072,저축,P0001-BANK-MAIN->P0001-BANK-SAVE,bank/은행-004-하나핀크_생활통장_P0001-BANK-MAIN.json#BP000100030;bank/은행-004-국민은행_KB_청년도약계좌_P0001-BANK-SAVE.json#BP000100007,,savings:정기
2026-02-06,23:08,지출,교육/학습,학원/강의,이투스,-33400,KRW,하나핀크 생활통장,,P0001,P0001-T0076,소비,P0001-BANK-MAIN,bank/은행-004-하나핀크_생활통장_P0001-BANK-MAIN.json#BP000100034,,triangular:학원/강의
2026-02-06,09:08,지출,패션/쇼핑,패션,둔산동빈티지샵,-62200,KRW,신한 Deep Dream 체크,계절 옷 정리,P0001,P0001-T0086,소비,P0001-CARD-01,card/카드-008-신한_Deep_Dream_체크_승인내역.json#AP0001000038;card/카드-014-신한_Deep_Dream_체크_매입정보.json#AP0001000038,,triangular:패션
2026-02-05,16:37,지출,생활,편의점,CU 탄방동점,-3800,KRW,토스 간편결제,현금 인출 대신 결제,P0001,P0001-T0099,소비,P0001-토스페이,efinance/전금-103-토스페이.json#EP0001토00009,,calib:생활/편의점
2026-02-05,15:41,수입,금융수입,캐시백,커피 멤버십 적립,704,KRW,하나핀크 생활통장,,P0001,P0001-T0067,소득,P0001-BANK-MAIN,bank/은행-004-하나핀크_생활통장_P0001-BANK-MAIN.json#BP000100026,캐시백,income:캐시백
2026-02-05,12:28,수입,기타수입,용돈,가족 지원금,500000,KRW,하나핀크 생활통장,,P0001,P0001-T0063,소득,P0001-BANK-MAIN,bank/은행-004-하나핀크_생활통장_P0001-BANK-MAIN.json#BP000100022,용돈,income:용돈
2026-02-04,15:41,지출,문화/여가,도서,갈마동책방,-35200,KRW,신한 Deep Dream 체크,,P0001,P0001-T0078,소비,P0001-CARD-01,card/카드-008-신한_Deep_Dream_체크_승인내역.json#AP0001000034;card/카드-014-신한_Deep_Dream_체크_매입정보.json#AP0001000034,,triangular:도서
2026-02-03,23:29,지출,생활,편의점,CU,-1700,KRW,신한 Deep Dream 체크,,P0001,P0001-T0091,소비,P0001-CARD-01,card/카드-008-신한_Deep_Dream_체크_승인내역.json#AP0001000041;card/카드-014-신한_Deep_Dream_체크_매입정보.json#AP0001000041,,calib:생활/편의점
2026-02-03,19:23,지출,교통,택시,탄방동콜택시,-17209,KRW,신한 Deep Dream 체크,,P0001,P0001-T0088,소비,P0001-CARD-01,card/카드-008-신한_Deep_Dream_체크_승인내역.json#AP0001000039;card/카드-014-신한_Deep_Dream_체크_매입정보.json#AP0001000039,,calib:교통/택시
2026-02-03,12:11,지출,문화/여가,도서,월평동책방,-21200,KRW,네이버페이 간편결제,,P0001,P0001-T0083,소비,P0001-네이버페이,efinance/전금-103-네이버페이.json#EP0001네00004,,triangular:도서
2026-02-03,11:48,지출,생활,편의점,GS25 갈마동점,-3800,KRW,신한 Deep Dream 체크,,P0001,P0001-T0089,소비,P0001-CARD-01,card/카드-008-신한_Deep_Dream_체크_승인내역.json#AP0001000040;card/카드-014-신한_Deep_Dream_체크_매입정보.json#AP0001000040,,calib:생활/편의점
2026-02-02,13:21,이체,저축,예적금/청약,국민은행 KB 청년도약계좌,-15000,KRW,하나핀크 생활통장,,P0001,P0001-T0071,저축,P0001-BANK-MAIN->P0001-BANK-SAVE,bank/은행-004-하나핀크_생활통장_P0001-BANK-MAIN.json#BP000100029;bank/은행-004-국민은행_KB_청년도약계좌_P0001-BANK-SAVE.json#BP000100006,,savings:정기
2026-01-31,19:06,지출,문화/여가,도서,가수원동북카페,-29000,KRW,신한 Deep Dream 체크,소설 힐링용,P0001,P0001-T0024,소비,P0001-CARD-01,card/카드-008-신한_Deep_Dream_체크_승인내역.json#AP0001000007;card/카드-014-신한_Deep_Dream_체크_매입정보.json#AP0001000007,,triangular:도서
2026-01-30,23:21,수입,금융수입,캐시백,어피치 스윗 체크카드 이벤트리워드,178,KRW,하나핀크 생활통장,,P0001,P0001-T0003,소득,P0001-BANK-MAIN,bank/은행-004-하나핀크_생활통장_P0001-BANK-MAIN.json#BP000100003,캐시백,income:캐시백
2026-01-30,22:09,지출,온라인쇼핑,인터넷쇼핑,카카오스타일,-25600,KRW,토스 간편결제,,P0001,P0001-T0054,소비,P0001-토스페이,efinance/전금-103-토스페이.json#EP0001토00004,,calib:온라인쇼핑/인터넷쇼핑
2026-01-29,20:42,지출,온라인쇼핑,인터넷쇼핑,롯데닷컴,-7071,KRW,신한 Deep Dream 체크,,P0001,P0001-T0062,소비,P0001-CARD-01,card/카드-008-신한_Deep_Dream_체크_승인내역.json#AP0001000031;card/카드-014-신한_Deep_Dream_체크_매입정보.json#AP0001000031,,calib:온라인쇼핑/인터넷쇼핑
2026-01-29,20:36,지출,교육/학습,학원/강의,도마동음악학원,-29200,KRW,하나핀크 생활통장,,P0001,P0001-T0020,소비,P0001-BANK-MAIN,bank/은행-004-하나핀크_생활통장_P0001-BANK-MAIN.json#BP000100014,,triangular:학원/강의
2026-01-29,18:33,지출,교통,대중교통,레일플러스,-10400,KRW,신한 Deep Dream 체크,,P0001,P0001-T0044,소비,P0001-CARD-01,card/카드-008-신한_Deep_Dream_체크_승인내역.json#AP0001000020;card/카드-014-신한_Deep_Dream_체크_매입정보.json#AP0001000020,,calib:교통/대중교통
2026-01-28,09:59,이체,저축,예적금/청약,비상금 이체,-30000,KRW,하나핀크 생활통장,,P0001,P0001-T0013,저축,P0001-BANK-MAIN->P0001-BANK-SAVE,bank/은행-004-하나핀크_생활통장_P0001-BANK-MAIN.json#BP000100012;bank/은행-004-국민은행_KB_청년도약계좌_P0001-BANK-SAVE.json#BP000100005,,savings:비상금
2026-01-27,20:34,지출,온라인쇼핑,인터넷쇼핑,지그재그,-26600,KRW,카카오페이 간편결제,생필품 정기구매,P0001,P0001-T0059,소비,P0001-카카오페이,efinance/전금-103-카카오페이.json#EP0001카00003,,calib:온라인쇼핑/인터넷쇼핑
2026-01-27,09:57,지출,교통,대중교통,도마동 마을버스,-4500,KRW,신한 Deep Dream 체크,,P0001,P0001-T0026,소비,P0001-CARD-01,card/카드-008-신한_Deep_Dream_체크_승인내역.json#AP0001000008;card/카드-014-신한_Deep_Dream_체크_매입정보.json#AP0001000008,,calib:교통/대중교통
2026-01-26,23:11,지출,교육/학습,학원/강의,둔산동영어학원,-76000,KRW,하나핀크 생활통장,,P0001,P0001-T0023,소비,P0001-BANK-MAIN,bank/은행-004-하나핀크_생활통장_P0001-BANK-MAIN.json#BP000100015,,triangular:학원/강의
2026-01-26,22:18,지출,온라인쇼핑,인터넷쇼핑,에이블리,-12000,KRW,신한 Deep Dream 체크,,P0001,P0001-T0060,소비,P0001-CARD-01,card/카드-008-신한_Deep_Dream_체크_승인내역.json#AP0001000029;card/카드-014-신한_Deep_Dream_체크_매입정보.json#AP0001000029,,calib:온라인쇼핑/인터넷쇼핑
2026-01-26,20:18,지출,교육/학습,학원/강의,야나두,-49100,KRW,신한 Deep Dream 체크,,P0001,P0001-T0014,소비,P0001-CARD-01,card/카드-008-신한_Deep_Dream_체크_승인내역.json#AP0001000002;card/카드-014-신한_Deep_Dream_체크_매입정보.json#AP0001000002,,triangular:학원/강의
2026-01-26,19:58,이체,저축,예적금/청약,국민은행 KB 청년도약계좌,-15000,KRW,하나핀크 생활통장,,P0001,P0001-T0012,저축,P0001-BANK-MAIN->P0001-BANK-SAVE,bank/은행-004-하나핀크_생활통장_P0001-BANK-MAIN.json#BP000100011;bank/은행-004-국민은행_KB_청년도약계좌_P0001-BANK-SAVE.json#BP000100004,,savings:정기
2026-01-26,11:44,지출,문화/여가,도서,탄방동책방,-18000,KRW,신한 Deep Dream 체크,아이 그림책 선물,P0001,P0001-T0017,소비,P0001-CARD-01,card/카드-008-신한_Deep_Dream_체크_승인내역.json#AP0001000004;card/카드-014-신한_Deep_Dream_체크_매입정보.json#AP0001000004,,triangular:도서
2026-01-25,09:56,지출,생활,통신,월평동알뜰폰샵,-20000,KRW,하나핀크 생활통장,,P0001,P0001-T0007,소비,P0001-BANK-MAIN,bank/은행-004-하나핀크_생활통장_P0001-BANK-MAIN.json#BP000100007,,fixed:통신
2026-01-25,09:51,지출,주거,월세/관리비,탄방동 아파트 관리비,-230000,KRW,하나핀크 생활통장,,P0001,P0001-T0006,소비,P0001-BANK-MAIN,bank/은행-004-하나핀크_생활통장_P0001-BANK-MAIN.json#BP000100006,,fixed:월세관리비
2026-01-24,22:42,지출,교통,대중교통,캐시비,-5100,KRW,하나핀크 생활통장,,P0001,P0001-T0039,소비,P0001-BANK-MAIN,bank/은행-004-하나핀크_생활통장_P0001-BANK-MAIN.json#BP000100018,,calib:교통/대중교통
2026-01-24,18:43,지출,패션/쇼핑,패션,슈마커,-42200,KRW,하나핀크 생활통장,,P0001,P0001-T0018,소비,P0001-BANK-MAIN,bank/은행-004-하나핀크_생활통장_P0001-BANK-MAIN.json#BP000100013,,triangular:패션
2026-01-21,22:36,지출,문화/여가,도서,갈마동책방,-21500,KRW,신한 Deep Dream 체크,독서모임 선정도서,P0001,P0001-T0022,소비,P0001-CARD-01,card/카드-008-신한_Deep_Dream_체크_승인내역.json#AP0001000006;card/카드-014-신한_Deep_Dream_체크_매입정보.json#AP0001000006,,triangular:도서
2026-01-21,22:23,지출,교통,대중교통,레일플러스,-6000,KRW,신한 Deep Dream 체크,,P0001,P0001-T0042,소비,P0001-CARD-01,card/카드-008-신한_Deep_Dream_체크_승인내역.json#AP0001000018;card/카드-014-신한_Deep_Dream_체크_매입정보.json#AP0001000018,,calib:교통/대중교통
2026-01-21,12:45,지출,온라인쇼핑,인터넷쇼핑,무신사 아울렛,-26800,KRW,카카오페이 간편결제,,P0001,P0001-T0055,소비,P0001-카카오페이,efinance/전금-103-카카오페이.json#EP0001카00002,,calib:온라인쇼핑/인터넷쇼핑
2026-01-21,09:17,수입,금융수입,캐시백,프렌즈 체크카드 청구할인,734,KRW,하나핀크 생활통장,,P0001,P0001-T0005,소득,P0001-BANK-MAIN,bank/은행-004-하나핀크_생활통장_P0001-BANK-MAIN.json#BP000100005,캐시백,income:캐시백
2026-01-20,18:05,지출,교통,대중교통,가수원동 마을버스,-1700,KRW,토스 간편결제,,P0001,P0001-T0031,소비,P0001-토스페이,efinance/전금-103-토스페이.json#EP0001토00003,,calib:교통/대중교통
2026-01-20,12:51,지출,교육/학습,학원/강의,스카이에듀,-59000,KRW,신한 Deep Dream 체크,,P0001,P0001-T0019,소비,P0001-CARD-01,card/카드-008-신한_Deep_Dream_체크_승인내역.json#AP0001000005;card/카드-014-신한_Deep_Dream_체크_매입정보.json#AP0001000005,,triangular:학원/강의
2026-01-19,21:36,지출,온라인쇼핑,인터넷쇼핑,네이버 스마트스토어,-13100,KRW,신한 Deep Dream 체크,,P0001,P0001-T0061,소비,P0001-CARD-01,card/카드-008-신한_Deep_Dream_체크_승인내역.json#AP0001000030;card/카드-014-신한_Deep_Dream_체크_매입정보.json#AP0001000030,,calib:온라인쇼핑/인터넷쇼핑
2026-01-19,20:26,이체,저축,예적금/청약,국민은행 KB 청년도약계좌,-15000,KRW,하나핀크 생활통장,자동이체 저축,P0001,P0001-T0011,저축,P0001-BANK-MAIN->P0001-BANK-SAVE,bank/은행-004-하나핀크_생활통장_P0001-BANK-MAIN.json#BP000100010;bank/은행-004-국민은행_KB_청년도약계좌_P0001-BANK-SAVE.json#BP000100003,,savings:정기
2026-01-19,18:29,지출,교통,대중교통,관저동 마을버스,-8400,KRW,신한 Deep Dream 체크,,P0001,P0001-T0037,소비,P0001-CARD-01,card/카드-008-신한_Deep_Dream_체크_승인내역.json#AP0001000014;card/카드-014-신한_Deep_Dream_체크_매입정보.json#AP0001000014,,calib:교통/대중교통
2026-01-19,08:27,지출,교통,대중교통,관저동 마을버스,-9100,KRW,네이버페이 간편결제,,P0001,P0001-T0034,소비,P0001-네이버페이,efinance/전금-103-네이버페이.json#EP0001네00001;efinance/전금-004-네이버페이_머니.json#WP000100001,,calib:교통/대중교통
2026-01-18,21:49,수입,근로소득,알바비,㈜이든미디어 용역비 지급,700000,KRW,하나핀크 생활통장,계약직 급여 입금,P0001,P0001-T0002,소득,P0001-BANK-MAIN,bank/은행-004-하나핀크_생활통장_P0001-BANK-MAIN.json#BP000100002,알바비,income:알바비
2026-01-17,12:24,지출,온라인쇼핑,인터넷쇼핑,인터파크쇼핑,-23900,KRW,신한 Deep Dream 체크,,P0001,P0001-T0053,소비,P0001-CARD-01,card/카드-008-신한_Deep_Dream_체크_승인내역.json#AP0001000026;card/카드-014-신한_Deep_Dream_체크_매입정보.json#AP0001000026,,calib:온라인쇼핑/인터넷쇼핑
2026-01-17,09:24,지출,교통,대중교통,알뜰교통카드,-10100,KRW,토스 간편결제,,P0001,P0001-T0025,소비,P0001-토스페이,efinance/전금-103-토스페이.json#EP0001토00002,,calib:교통/대중교통
2026-01-17,08:55,지출,교통,대중교통,탄방동 마을버스,-2000,KRW,신한 Deep Dream 체크,,P0001,P0001-T0049,소비,P0001-CARD-01,card/카드-008-신한_Deep_Dream_체크_승인내역.json#AP0001000023;card/카드-014-신한_Deep_Dream_체크_매입정보.json#AP0001000023,,calib:교통/대중교통
2026-01-16,22:03,지출,교통,대중교통,기후동행카드,-4100,KRW,신한 Deep Dream 체크,,P0001,P0001-T0036,소비,P0001-CARD-01,card/카드-008-신한_Deep_Dream_체크_승인내역.json#AP0001000013;card/카드-014-신한_Deep_Dream_체크_매입정보.json#AP0001000013,,calib:교통/대중교통
2026-01-16,20:55,지출,온라인쇼핑,인터넷쇼핑,텐바이텐,-22200,KRW,하나핀크 생활통장,부모님 생신선물,P0001,P0001-T0056,소비,P0001-BANK-MAIN,bank/은행-004-하나핀크_생활통장_P0001-BANK-MAIN.json#BP000100021,,calib:온라인쇼핑/인터넷쇼핑
2026-01-16,10:20,지출,뷰티/미용,화장품,설화수,-17100,KRW,카카오페이 간편결제,,P0001,P0001-T0021,소비,P0001-카카오페이,efinance/전금-103-카카오페이.json#EP0001카00001,,triangular:화장품
2026-01-14,22:12,지출,교통,대중교통,모바일티머니,-7400,KRW,신한 Deep Dream 체크,,P0001,P0001-T0028,소비,P0001-CARD-01,card/카드-008-신한_Deep_Dream_체크_승인내역.json#AP0001000009;card/카드-014-신한_Deep_Dream_체크_매입정보.json#AP0001000009,,calib:교통/대중교통
2026-01-14,17:23,지출,뷰티/미용,화장품,올리브영,-17600,KRW,신한 Deep Dream 체크,,P0001,P0001-T0015,소비,P0001-CARD-01,card/카드-008-신한_Deep_Dream_체크_승인내역.json#AP0001000003;card/카드-014-신한_Deep_Dream_체크_매입정보.json#AP0001000003,,triangular:화장품
2026-01-14,08:43,지출,교통,대중교통,가수원동 마을버스,-7900,KRW,신한 Deep Dream 체크,정기권 충전,P0001,P0001-T0046,소비,P0001-CARD-01,card/카드-008-신한_Deep_Dream_체크_승인내역.json#AP0001000022;card/카드-014-신한_Deep_Dream_체크_매입정보.json#AP0001000022,,calib:교통/대중교통
2026-01-13,22:23,지출,교통,대중교통,관저동 마을버스,-6700,KRW,신한 Deep Dream 체크,주말 나들이,P0001,P0001-T0045,소비,P0001-CARD-01,card/카드-008-신한_Deep_Dream_체크_승인내역.json#AP0001000021;card/카드-014-신한_Deep_Dream_체크_매입정보.json#AP0001000021,,calib:교통/대중교통
2026-01-13,19:20,지출,교통,대중교통,관저동 마을버스,-5400,KRW,신한 Deep Dream 체크,,P0001,P0001-T0050,소비,P0001-CARD-01,card/카드-008-신한_Deep_Dream_체크_승인내역.json#AP0001000024;card/카드-014-신한_Deep_Dream_체크_매입정보.json#AP0001000024,,calib:교통/대중교통
2026-01-13,12:46,지출,생활,서비스구독,멜론,-4900,KRW,신한 Deep Dream 체크,,P0001,P0001-T0008,소비,P0001-CARD-01,card/카드-008-신한_Deep_Dream_체크_승인내역.json#AP0001000001;card/카드-014-신한_Deep_Dream_체크_매입정보.json#AP0001000001,,fixed:구독
2026-01-13,09:36,지출,교통,대중교통,정림동 마을버스,-1900,KRW,신한 Deep Dream 체크,주말 나들이,P0001,P0001-T0043,소비,P0001-CARD-01,card/카드-008-신한_Deep_Dream_체크_승인내역.json#AP0001000019;card/카드-014-신한_Deep_Dream_체크_매입정보.json#AP0001000019,,calib:교통/대중교통
2026-01-12,18:59,지출,교통,대중교통,원패스,-1800,KRW,네이버페이 간편결제,,P0001,P0001-T0035,소비,P0001-네이버페이,efinance/전금-103-네이버페이.json#EP0001네00002,,calib:교통/대중교통
2026-01-12,10:29,수입,금융수입,캐시백,KB 청춘대로 체크카드 이벤트리워드,749,KRW,하나핀크 생활통장,,P0001,P0001-T0004,소득,P0001-BANK-MAIN,bank/은행-004-하나핀크_생활통장_P0001-BANK-MAIN.json#BP000100004,캐시백,income:캐시백
2026-01-12,08:44,이체,저축,예적금/청약,국민은행 KB 청년도약계좌,-15000,KRW,하나핀크 생활통장,,P0001,P0001-T0010,저축,P0001-BANK-MAIN->P0001-BANK-SAVE,bank/은행-004-하나핀크_생활통장_P0001-BANK-MAIN.json#BP000100009;bank/은행-004-국민은행_KB_청년도약계좌_P0001-BANK-SAVE.json#BP000100002,,savings:정기
2026-01-10,12:40,지출,온라인쇼핑,인터넷쇼핑,트렌비,-26800,KRW,신한 Deep Dream 체크,,P0001,P0001-T0057,소비,P0001-CARD-01,card/카드-008-신한_Deep_Dream_체크_승인내역.json#AP0001000027;card/카드-014-신한_Deep_Dream_체크_매입정보.json#AP0001000027,,calib:온라인쇼핑/인터넷쇼핑
2026-01-09,23:23,지출,교통,대중교통,탄방동 마을버스,-6600,KRW,신한 Deep Dream 체크,,P0001,P0001-T0030,소비,P0001-CARD-01,card/카드-008-신한_Deep_Dream_체크_승인내역.json#AP0001000011;card/카드-014-신한_Deep_Dream_체크_매입정보.json#AP0001000011,,calib:교통/대중교통
2026-01-09,08:34,지출,교통,대중교통,캐시비,-8100,KRW,신한 Deep Dream 체크,,P0001,P0001-T0029,소비,P0001-CARD-01,card/카드-008-신한_Deep_Dream_체크_승인내역.json#AP0001000010;card/카드-014-신한_Deep_Dream_체크_매입정보.json#AP0001000010,,calib:교통/대중교통
2026-01-08,23:40,지출,교통,대중교통,알뜰교통카드,-4700,KRW,하나핀크 생활통장,,P0001,P0001-T0047,소비,P0001-BANK-MAIN,bank/은행-004-하나핀크_생활통장_P0001-BANK-MAIN.json#BP000100019,,calib:교통/대중교통
2026-01-07,22:28,지출,교통,대중교통,월평동 마을버스,-5100,KRW,신한 Deep Dream 체크,,P0001,P0001-T0051,소비,P0001-CARD-01,card/카드-008-신한_Deep_Dream_체크_승인내역.json#AP0001000025;card/카드-014-신한_Deep_Dream_체크_매입정보.json#AP0001000025,,calib:교통/대중교통
2026-01-07,19:49,지출,교통,대중교통,알뜰교통카드,-10900,KRW,하나핀크 생활통장,환승 실패로 재승차,P0001,P0001-T0048,소비,P0001-BANK-MAIN,bank/은행-004-하나핀크_생활통장_P0001-BANK-MAIN.json#BP000100020,,calib:교통/대중교통
2026-01-06,23:04,지출,교통,대중교통,대전교통공사,-5900,KRW,하나핀크 생활통장,,P0001,P0001-T0032,소비,P0001-BANK-MAIN,bank/은행-004-하나핀크_생활통장_P0001-BANK-MAIN.json#BP000100017,,calib:교통/대중교통
2026-01-05,16:18,수입,기타수입,용돈,부모님 용돈,500000,KRW,하나핀크 생활통장,,P0001,P0001-T0001,소득,P0001-BANK-MAIN,bank/은행-004-하나핀크_생활통장_P0001-BANK-MAIN.json#BP000100001,용돈,income:용돈
2026-01-05,14:18,이체,저축,예적금/청약,국민은행 KB 청년도약계좌,-15000,KRW,하나핀크 생활통장,연말정산용 청약저축,P0001,P0001-T0009,저축,P0001-BANK-MAIN->P0001-BANK-SAVE,bank/은행-004-하나핀크_생활통장_P0001-BANK-MAIN.json#BP000100008;bank/은행-004-국민은행_KB_청년도약계좌_P0001-BANK-SAVE.json#BP000100001,,savings:정기
2026-01-05,07:11,지출,교통,대중교통,월평동 마을버스,-3100,KRW,신한 Deep Dream 체크,,P0001,P0001-T0033,소비,P0001-CARD-01,card/카드-008-신한_Deep_Dream_체크_승인내역.json#AP0001000012;card/카드-014-신한_Deep_Dream_체크_매입정보.json#AP0001000012,,calib:교통/대중교통
2026-01-04,23:12,지출,교통,대중교통,알뜰교통카드,-9800,KRW,신한 Deep Dream 체크,,P0001,P0001-T0041,소비,P0001-CARD-01,card/카드-008-신한_Deep_Dream_체크_승인내역.json#AP0001000017;card/카드-014-신한_Deep_Dream_체크_매입정보.json#AP0001000017,,calib:교통/대중교통
2026-01-04,22:56,지출,교통,대중교통,대전교통공사,-5952,KRW,네이버페이 간편결제,정기권 충전,P0001,P0001-T0052,소비,P0001-네이버페이,efinance/전금-103-네이버페이.json#EP0001네00003;efinance/전금-004-네이버페이_머니.json#WP000100002,,calib:교통/대중교통
2026-01-03,23:02,지출,교통,대중교통,대전교통공사,-11100,KRW,신한 Deep Dream 체크,,P0001,P0001-T0040,소비,P0001-CARD-01,card/카드-008-신한_Deep_Dream_체크_승인내역.json#AP0001000016;card/카드-014-신한_Deep_Dream_체크_매입정보.json#AP0001000016,,calib:교통/대중교통
2026-01-03,22:06,지출,온라인쇼핑,인터넷쇼핑,무신사 뷰티,-19400,KRW,신한 Deep Dream 체크,,P0001,P0001-T0058,소비,P0001-CARD-01,card/카드-008-신한_Deep_Dream_체크_승인내역.json#AP0001000028;card/카드-014-신한_Deep_Dream_체크_매입정보.json#AP0001000028,,calib:온라인쇼핑/인터넷쇼핑
2026-01-03,14:16,지출,패션/쇼핑,패션,스파오,-32300,KRW,토스 간편결제,,P0001,P0001-T0016,소비,P0001-토스페이,efinance/전금-103-토스페이.json#EP0001토00001,,triangular:패션
2026-01-01,22:40,지출,교통,대중교통,모바일티머니,-9700,KRW,신한 Deep Dream 체크,,P0001,P0001-T0038,소비,P0001-CARD-01,card/카드-008-신한_Deep_Dream_체크_승인내역.json#AP0001000015;card/카드-014-신한_Deep_Dream_체크_매입정보.json#AP0001000015,,calib:교통/대중교통
2026-01-01,09:49,지출,교통,대중교통,티머니,-5000,KRW,하나핀크 생활통장,,P0001,P0001-T0027,소비,P0001-BANK-MAIN,bank/은행-004-하나핀크_생활통장_P0001-BANK-MAIN.json#BP000100016,,calib:교통/대중교통
